X_COORD	Y_COORD
142.591629	-10.77950287
142.5735626	-10.82426262
142.5766144	-10.8354435
142.723114	-10.82125187
142.6962891	-10.88979912
142.6246491	-10.72395611
142.7622376	-10.82104492
142.9288025	-10.80788326
142.9836273	-10.79982185
142.6933594	-10.88696003
142.5796051	-10.79875946
142.7727051	-10.90133476
142.6318359	-10.92067909
143.4964447	-11.91147614
143.0896149	-10.77538872
142.5587311	-10.71000767
142.5970459	-10.70428848
142.5978699	-10.70888901
143.953125	-10.68521976
142.5929718	-10.71530914
142.6178436	-10.72830391
142.6233063	-10.7466259
142.60495	-10.73894119
142.6298218	-10.71882725
142.673172	-10.70076275
142.6854401	-10.71178818
142.6918335	-10.71665955
142.7861023	-10.68252754
143.8238068	-10.82510948
142.5526733	-10.83199787
142.6144104	-10.75758648
143.800766	-10.80318642
144.0065918	-10.80548668
143.9960632	-10.82373524
143.7580566	-10.84616756
144.0144959	-10.84487152
143.9845123	-10.86612701
143.3367767	-10.73468304
143.9796143	-10.72316742
145.4583588	-16.20626259
142.7059326	-10.93688488
142.7061615	-10.94753647
142.7663879	-10.99002266
143.2521515	-10.68365002
143.4337463	-10.69710159
143.4663239	-10.69664955
143.1903229	-10.73180485
143.0937347	-10.75188351
143.3717804	-10.75227928
143.324295	-10.75677586
143.4120483	-10.77616978
143.3534088	-10.80583096
143.298172	-10.83911419
143.5209961	-10.69328785
143.3356781	-10.83780289
143.4595795	-10.94054508
143.4037781	-10.84895229
143.2389526	-10.85297012
143.2401581	-10.89503193
143.9647827	-10.73436737
142.8654785	-11.37253571
143.2100067	-10.89760017
143.1778107	-10.90662861
143.2897644	-10.90393257
143.9733429	-10.7404232
143.3828735	-10.90547371
143.3140717	-10.91513443
143.6908569	-10.78934574
143.2959137	-10.93176079
143.2182922	-10.93246841
143.2423401	-10.9469099
143.7166138	-10.77029133
143.8437653	-10.76665306
145.4763184	-16.24609375
143.1570892	-10.9502964
143.1301422	-10.95202541
143.3598328	-10.93915176
143.5106812	-10.90591812
143.3997345	-10.96371174
143.4256134	-10.9675951
143.1255188	-10.98665619
143.9587402	-10.72497368
143.9644928	-10.68788147
143.7870483	-10.70289612
143.9637756	-10.70974445
143.9823456	-10.75539112
143.6065064	-10.74197769
143.7442932	-10.74233627
143.5057221	-10.76967049
143.9754791	-10.77815247
143.9852905	-10.78567314
143.9897919	-10.79434872
144.0089111	-10.83007717
142.565918	-10.72224331
142.5771332	-10.72992325
144.0145264	-10.95084667
143.5114441	-10.94451904
143.998764	-10.83556843
142.6044464	-10.75718403
143.3795319	-10.84018993
143.446228	-10.89760876
143.5537567	-10.93063068
142.7390289	-10.81070328
142.7459564	-10.99333572
143.6293793	-10.97612762
143.7125397	-10.94218445
143.7671814	-11.01291656
143.7783661	-10.98402596
143.9559937	-10.74168205
144.0019226	-10.93507957
144.0340271	-10.91252613
143.9921265	-10.86003113
143.6588135	-10.85639668
143.7111816	-10.85936832
143.7934113	-10.86957836
144.0152435	-10.96391392
144.035202	-10.9968214
143.4700165	-10.80509758
144.0321503	-10.96593094
143.5865784	-10.8515749
143.4672394	-10.88192558
144.0140991	-10.88740253
143.5523682	-10.89570427
144.0180969	-10.92669582
143.5727692	-10.91156006
144.0181427	-10.98606586
144.0129089	-11.00776577
144.013092	-11.01794815
143.9950409	-11.01778316
143.3648987	-10.99041271
143.2948914	-10.98697853
143.5341187	-10.91361904
143.663208	-10.90422535
143.7573395	-10.89969254
143.0996399	-11.17448425
142.8783417	-11.78083801
142.9927368	-11.00683498
142.7554627	-11.02495193
142.7832489	-11.0704155
142.8113251	-11.18551826
142.8123169	-11.19433308
142.8240051	-11.23168468
142.818985	-11.24888897
142.8725128	-11.2572403
142.9289398	-11.24986839
142.8287201	-11.29018688
142.8309326	-11.29393196
142.9653778	-11.3848238
142.9353027	-11.43494606
142.8412018	-11.42433834
143.3795166	-11.03877735
143.3709564	-11.05878925
143.242691	-11.02305126
143.3335266	-11.02789688
143.3564301	-11.0323143
143.4737396	-11.02850151
143.4676361	-11.04762936
143.4022369	-11.07457256
143.319809	-11.07910061
143.0908356	-11.06997013
143.0284576	-11.11662197
143.0005646	-11.12924671
143.4940643	-11.10666275
143.2529144	-11.12877846
143.4412689	-11.1438036
143.2229157	-11.1421051
142.8562775	-11.79974651
143.4215088	-11.1607399
143.3933106	-11.184021
143.393692	-11.20446301
143.9807892	-11.30926514
143.3354645	-11.36095428
143.0353394	-11.38516045
143.8581238	-11.48993874
143.1606445	-11.37728596
143.0731659	-11.37047768
143.0701447	-11.38962555
142.9365387	-11.79674053
143.1651764	-11.43404198
142.9001617	-11.80533791
142.8960266	-11.82666588
143.042038	-11.45389843
143.030838	-11.18211842
143.2688294	-11.95176506
143.1975708	-11.18444061
143.3180695	-11.21540451
143.0007172	-11.2432394
143.2571411	-11.24144936
143.126297	-11.31913948
143.1496887	-11.27138233
143.034195	-11.28863144
143.0461884	-11.28736115
143.2710724	-11.96063519
143.1962738	-11.29498386
143.2812958	-11.29741383
143.485199	-11.27064514
143.1277771	-11.34162426
143.9954834	-11.28264427
144.0057831	-11.28243065
143.9963226	-11.29488564
143.9792328	-11.29531193
143.5427704	-11.25432873
143.4012299	-11.50461769
143.378006	-11.46033001
143.2701111	-11.46175861
143.2649841	-11.80193138
143.0092926	-11.80706882
143.3099213	-11.39694595
144.0173187	-11.03934193
143.438858	-11.4305315
143.1247101	-11.46813583
143.3633118	-11.82064915
143.156723	-11.4719553
143.0751495	-11.48204327
143.4991913	-10.97768879
143.0406494	-11.48878002
143.0287628	-11.4979887
144.0223846	-11.04900837
143.589386	-11.01596832
143.6618042	-11.09492207
143.7982025	-11.31483746
143.584259	-11.15118408
143.6946564	-11.15713024
143.6751404	-11.25258923
143.8192139	-11.25566387
143.53479	-11.14823914
143.588913	-11.20730495
143.7147827	-11.19242096
143.6365509	-11.47353363
143.707489	-11.46648026
143.9284363	-11.47588158
144.0179291	-11.47539711
143.9009399	-11.47789001
143.9241638	-11.49207115
143.9456177	-11.48265171
143.5380859	-11.49915504
143.9979401	-11.0306673
144.0335541	-11.05487251
144.0407105	-11.06919193
144.0584412	-11.14598274
144.0440064	-11.10342503
144.0333099	-11.13163185
144.0257568	-11.14067173
143.9624176	-11.32235336
143.9817963	-11.32816887
143.5056763	-11.30826569
143.6725464	-11.30496693
143.9565888	-11.34822178
143.9520111	-11.3558569
143.9640503	-11.36100101
143.9765778	-11.36436653
143.9517059	-11.36373138
143.9444122	-11.37235832
143.9590454	-11.37150669
143.9599762	-11.38324833
143.9783783	-11.39129829
143.9584961	-11.39221954
143.5897522	-11.33642387
143.9741516	-11.42740726
143.9636841	-11.4024229
143.7689819	-11.40065575
143.9649353	-11.41164684
143.9695587	-11.41603661
143.9750519	-11.42115688
143.7154999	-11.37110806
143.7676849	-11.42281246
143.7689209	-11.45784378
143.5119629	-11.46584606
143.9677277	-11.46307278
143.5163727	-11.55274868
143.5422821	-11.42419815
144.0240936	-11.2616024
143.2318726	-11.58026981
144.0600281	-11.18517208
144.0436249	-11.19242764
144.0466309	-11.20068359
144.0509949	-11.20973969
144.0562134	-11.21752453
144.026413	-11.27613068
144.0656586	-11.26131248
144.0125122	-11.26356697
144.0183258	-11.26926422
144.0342255	-11.27928543
144.0441132	-11.27628613
142.898346	-11.59038353
142.8569183	-11.62756252
144.0382385	-11.42467117
144.069931	-11.49401855
142.8727417	-11.51218605
142.84375	-11.56365871
142.9396973	-11.59758282
142.9074554	-11.65137577
142.9863892	-11.73176193
142.9733582	-11.75949955
142.8959503	-11.76236153
142.9156494	-11.76965237
142.9364319	-11.77186203
142.9554443	-11.77073002
142.8756409	-11.84887314
142.9387207	-11.84314537
142.9935913	-11.86193657
142.9125671	-11.87988281
142.970398	-11.88442802
143.651062	-13.45235825
143.0818176	-11.51834106
143.1779022	-11.53164673
143.0166626	-11.55002689
143.2677307	-11.96995258
143.0856171	-11.78908348
143.285553	-11.86389256
143.2970734	-11.87399673
143.1073456	-11.89486122
143.1291046	-11.9063139
143.1785278	-11.59020042
143.4235992	-11.58607197
143.0104523	-11.59418392
143.2908173	-11.60404396
143.2433014	-11.75084782
143.8650055	-11.80861473
143.3714142	-11.93292141
143.5205841	-11.62067795
143.8695068	-11.79114723
143.4336243	-11.6906004
146.1389618	-17.96398163
143.1927795	-11.7113266
143.2484436	-11.73574638
143.8643189	-11.80082989
143.0887604	-11.77057457
143.8948364	-11.76935005
143.8694	-11.7812767
143.969101	-11.80197906
143.2075348	-11.92708302
143.2420044	-11.94246387
143.4171753	-11.94813156
143.2860107	-11.96976376
143.2547302	-11.97135067
143.2340393	-11.95914268
143.2443237	-11.97168732
143.2198029	-11.98335934
143.2411804	-11.99827003
143.9623108	-11.51206398
143.2700501	-11.98371029
143.2565308	-11.98383236
143.2680817	-11.99476337
143.2672577	-11.99822807
143.2475433	-11.99023438
143.8693695	-11.51364994
143.6422119	-11.51258564
143.8668366	-11.53081703
143.8783112	-11.52675152
145.6556397	-15.51785564
143.855957	-11.53986168
143.8650208	-11.55042171
143.9121094	-11.53071117
143.9821167	-11.51644135
143.9016113	-11.54532814
143.8617859	-11.55881405
143.8648377	-11.56421375
143.8824463	-11.5559597
143.8687439	-11.56971645
143.8751373	-11.57206917
143.7158661	-11.56678677
143.8553162	-11.59234333
143.5157318	-11.60236835
143.6845093	-11.62327385
143.8795929	-11.63012218
143.5775757	-11.65946579
143.7542267	-11.30615902
143.7738495	-11.80761051
143.549881	-11.68962383
143.9140625	-11.63738728
143.9017487	-11.66510677
143.9024963	-11.69908905
143.8954163	-11.72762108
143.5050507	-11.76433372
145.4573364	-16.02869225
144.0443573	-11.59504986
144.0207672	-11.53217125
143.2473602	-11.96459198
144.0183411	-11.68136787
144.0703278	-11.77790546
143.1115265	-11.50704288
143.1139832	-11.32721424
143.330368	-11.620368
143.8902435	-12.24686527
143.9976349	-11.78417778
143.9729767	-11.70529938
143.3535004	-11.48830605
143.3696899	-11.55218506
143.4120178	-11.44952869
143.4427338	-11.17924309
143.459259	-11.10819817
143.4777527	-11.49835205
143.6511231	-11.62567711
143.7503357	-11.48752403
143.8982544	-12.28798294
143.6593781	-11.42841721
143.6855316	-11.55967712
143.7056427	-11.55703545
143.7241669	-11.79611969
143.7454834	-11.80560303
143.8560486	-11.82583523
143.8427429	-11.84426117
143.8246613	-11.88319683
143.8238831	-11.85441113
143.8294678	-11.86002541
143.8382263	-11.87015057
143.5901794	-11.85692501
143.8339081	-11.89749241
143.6766357	-11.82536602
143.1326447	-12.23193836
143.8530273	-11.92699146
143.8680878	-11.95340919
143.9883881	-11.94892406
143.7771912	-11.50680161
143.7774658	-11.81314087
143.7821808	-11.81055164
143.8841095	-11.97967243
143.9046021	-11.99356556
143.3746796	-12.14226151
143.1085053	-12.19167805
143.2863007	-12.23149204
143.2064056	-12.24257278
143.7848816	-11.82562923
143.8013763	-11.4184618
143.8050995	-11.3738451
143.8102417	-11.19155407
143.8257599	-11.84532642
143.8347778	-11.91727066
143.8501129	-11.52565765
143.8550263	-11.28789425
143.8744659	-11.73007488
143.8762512	-11.18171787
143.8847809	-11.70553684
143.8873444	-11.73625851
143.8897705	-11.75453568
143.8898163	-11.63206291
143.8909302	-11.52201843
143.89357	-11.63201046
143.8952637	-11.57481194
143.896286	-11.59813881
143.9038696	-11.59711838
143.9636688	-11.57501984
143.9820252	-11.3779211
143.9833832	-11.47064018
143.9882965	-11.32894707
143.988739	-11.34938812
143.9906769	-11.37061596
143.9914551	-11.35557175
143.9959259	-11.32307911
143.9980469	-11.34479809
144.0017853	-11.32290173
144.0041351	-11.33131409
144.0051422	-11.25225353
144.0054932	-11.12182331
144.0102997	-11.32775974
144.0103912	-11.34258556
144.0132446	-11.76182079
144.0135651	-11.31029129
144.0153198	-11.25672531
144.0156555	-11.30299282
144.0163574	-11.3319273
144.0176086	-11.28602219
144.0194702	-11.3102417
143.6924133	-11.00459862
143.7099762	-11.01724529
144.0220032	-11.77238941
144.0270996	-11.7682209
144.0436096	-11.29255295
144.0527191	-11.27426243
144.0634308	-11.09085655
143.2620697	-11.05757904
143.5395966	-11.0134201
143.6689758	-11.04191494
143.6851654	-11.03679371
143.7519531	-11.0630846
143.7989349	-11.05340862
143.8092499	-11.07327938
144.0606842	-11.07956886
143.2943573	-12.0694294
142.8337555	-11.48412514
143.3006287	-12.02940845
143.477356	-12.10138035
143.3516235	-12.11358452
143.4468079	-12.15334797
143.587616	-12.18626881
143.2764282	-12.13950443
143.2646332	-12.09915161
143.2185211	-12.12665844
143.910614	-11.99639893
143.6791687	-12.11102962
143.5458527	-12.37409687
143.9075165	-11.9950552
143.923111	-12.00428104
143.9555512	-12.02207088
143.8479767	-12.03384209
143.6420898	-13.15210152
143.8718567	-12.03843594
143.8965759	-12.04671574
143.8326263	-12.04166603
143.9645996	-12.065135
143.909195	-12.05406475
143.9329224	-12.05772018
143.8175507	-12.0514822
143.8113861	-12.07230663
143.5490418	-12.05761147
143.8037109	-12.09514523
143.8079834	-12.12002373
143.8108673	-12.14468956
143.2382965	-12.25040245
143.2421265	-12.35507584
143.2749786	-12.24727631
143.2997589	-12.27168751
143.1256714	-12.28651428
143.5296021	-12.55867386
143.4333649	-12.31373787
143.2158356	-12.36351585
143.4089508	-12.29255772
143.5131989	-12.24527168
143.1828766	-12.30539131
143.1972351	-12.3118763
143.4817658	-12.38488674
143.2840271	-12.43306541
143.3610077	-12.43950653
143.4986115	-12.4230938
143.4760895	-12.473526
143.8191986	-12.22263622
143.7855225	-12.57677174
143.7944946	-12.58212376
143.8663178	-12.58349609
143.7142181	-12.61429596
143.8742218	-12.24046326
146.4843903	-16.96920013
143.8107758	-12.59930325
143.7845001	-12.17187595
143.7896729	-12.15825176
143.8995819	-12.24290276
143.8051605	-12.17167664
143.7907867	-12.19427586
143.7805939	-12.19409657
143.8102722	-12.20488834
143.8219452	-12.2100687
143.7943115	-12.20841408
143.8529663	-12.22222042
143.8499298	-12.22099686
143.6430664	-12.31495285
143.8270416	-12.34038258
143.7912293	-12.3640871
143.766449	-12.41186237
143.6333923	-12.40263271
143.5679627	-12.42260838
143.6105194	-12.3814621
143.6321411	-12.41675472
143.8463745	-12.41513443
143.3955841	-12.71177101
143.7570648	-12.38443565
143.7471161	-12.41181946
143.7512817	-12.43705273
143.7627258	-12.4656105
143.7587128	-12.483531
143.4222717	-12.66237068
143.7713776	-12.48882198
143.3901215	-12.51870823
143.2904511	-12.5129776
143.3225861	-12.55555058
143.3900604	-12.58631897
143.434906	-12.6125288
143.4467316	-12.62329578
143.4180603	-12.64875221
143.3978882	-12.75452995
143.4817658	-12.75479412
143.466217	-12.77821445
143.5383606	-12.92708874
143.3688507	-12.77748299
143.4127655	-12.77997589
143.4869995	-12.78309822
143.770874	-12.51905155
143.6048889	-12.52017689
143.7937164	-12.53452587
143.7782898	-12.56860256
143.6458283	-12.84803772
143.7939301	-12.86832905
143.5982819	-12.87885857
143.5500183	-12.88636208
143.6536102	-12.92910957
143.81987	-12.89378929
143.6000214	-12.88673019
143.8240509	-12.93371105
143.8166351	-12.9485178
143.5475006	-12.94077492
143.7684631	-12.9338789
143.5172577	-12.92143154
143.828598	-12.96533298
143.5509796	-12.96508121
143.6926575	-12.95187187
143.8293457	-12.98416328
143.8105164	-12.70535374
143.5492554	-12.58115005
143.8124237	-12.61740971
143.8357086	-12.63453674
143.563446	-12.63278866
143.8079071	-12.72177219
143.6544342	-12.97354221
143.8444061	-12.68454933
143.8135834	-12.69575787
143.8225098	-12.69107914
143.6197968	-12.69607735
143.7923431	-12.74603176
143.6130219	-12.76817226
143.8024597	-12.79762459
143.813385	-12.75754356
143.7684174	-12.50892353
143.8355713	-12.83273792
143.6153259	-12.81010723
143.546051	-12.81497765
143.9464417	-13.27411175
143.6935577	-13.27611446
143.6183929	-13.51718235
143.7446747	-12.83938408
143.723938	-12.99467945
143.8071594	-12.16355133
145.7782745	-15.57324219
143.934845	-13.25001907
143.6907044	-13.25749207
143.8496399	-12.9975729
143.5341034	-12.98553848
143.6144867	-12.98971653
143.6884308	-12.99503136
143.8870697	-12.03110409
143.8971863	-12.03328896
143.9257355	-12.06112289
143.93013	-12.04652214
143.7915497	-13.02382946
143.8589172	-13.02247143
143.5707092	-13.21789646
143.5398712	-13.0296793
143.8717194	-13.03850269
143.8190002	-13.06639957
143.508316	-13.11062717
143.626236	-13.04178429
143.5135193	-13.03212833
143.8795166	-13.06145287
143.8824921	-13.06604958
143.5563049	-13.06491184
143.5241394	-13.07648087
143.9161072	-13.07932472
143.9216156	-13.08295822
143.9381867	-13.07644463
143.9290009	-13.07925606
143.9343414	-13.07928085
143.6971741	-13.07054424
143.8979187	-13.0757618
143.5581055	-13.10892296
143.7236633	-13.10724926
143.6578674	-13.11120987
143.6157837	-13.15098572
143.6608429	-13.16221333
143.7619782	-13.16965389
143.9591065	-13.15960598
143.5224304	-13.17112064
143.550766	-13.1765604
143.5739136	-13.18373013
143.6945343	-13.20453548
143.8100739	-13.1864481
143.8764954	-13.19607353
146.4837341	-17.22857094
146.7663269	-18.11701775
146.8385468	-18.00399208
146.7850647	-18.03201485
146.5588684	-18.05222702
146.4548035	-17.45402145
146.4629517	-17.44804764
145.6871643	-16.12334633
145.7754211	-16.11724091
145.6453247	-16.17426491
145.6371155	-16.18397331
145.6934204	-16.19220161
145.7915497	-16.21309662
146.2129669	-16.87431526
146.3888702	-16.87688828
145.9902802	-16.46511841
146.2485657	-16.9116478
146.2067261	-16.93803215
146.4448395	-16.94465446
146.4416962	-17.28788376
146.4657288	-17.27497292
145.5531464	-16.55483627
146.3595581	-17.30199242
145.5301666	-16.56002045
146.0460968	-16.40460777
145.5934143	-15.56106091
146.3850861	-17.39389038
146.4788818	-17.44583511
146.7866516	-18.08373451
146.7481995	-18.1065979
146.4603424	-17.42903519
145.8896637	-16.22089005
145.7925568	-16.3209343
145.7649078	-16.35203362
145.5644379	-16.38615227
146.448822	-16.97599411
146.4848328	-16.98526192
146.1359711	-17.97660637
145.5319519	-16.59369659
145.472168	-16.08251381
145.4704132	-16.08415604
146.4571686	-17.47678375
146.9667358	-18.13350868
146.726471	-18.22864151
146.8980713	-18.26096916
145.4688721	-16.08757019
145.7674561	-16.41407585
145.9967499	-16.42810822
145.6873016	-16.44052315
145.4231873	-16.35323715
146.3911285	-17.48226547
146.493454	-17.10015869
146.5705872	-17.1390152
145.439621	-15.73865223
146.7446442	-18.32501411
146.8318176	-18.35411644
146.762619	-18.38663483
146.7061615	-18.4081955
146.9900665	-18.43645859
146.9930573	-18.46914101
146.0661621	-16.43915176
146.1012726	-16.49350739
145.5234375	-16.51718712
145.5365448	-16.5225029
145.4973755	-16.53168678
145.5072479	-16.55913925
145.8624573	-16.54697227
145.5317535	-16.60761452
145.5390015	-16.61586761
145.5845032	-16.68771362
145.6069489	-16.6950264
145.6289978	-16.7054882
145.6935883	-16.77615166
145.9154663	-16.86530304
146.5345612	-17.3541832
146.3772278	-17.5328598
145.6391602	-15.31890678
146.5509644	-17.42048264
146.5092163	-17.44282341
146.517746	-17.52473259
145.3673096	-15.77482986
145.3604279	-15.78462887
145.3569946	-15.79674625
145.395401	-15.70949268
145.9327698	-16.63996506
145.9485016	-16.61779404
145.9728241	-16.64641571
145.9928436	-16.65520287
145.5710144	-16.6575222
145.5813751	-16.65455818
146.1690674	-17.67407036
145.9169312	-16.86454391
145.9185181	-16.86402893
145.9255981	-16.86551666
145.9214935	-16.86506271
146.4572144	-17.60943413
146.1439819	-17.64087868
146.1581421	-17.65419388
145.45784	-15.73295879
145.4004822	-15.94005394
145.3682556	-15.91904354
145.9369507	-16.67423248
145.684021	-16.72931671
146.2168579	-16.95290756
145.9301148	-16.8683548
145.9322357	-16.87058449
145.9339294	-16.87251663
145.9347229	-16.87400627
145.7678375	-15.59501457
146.4712982	-17.65380287
146.1766357	-17.67463112
146.1690369	-17.66718864
146.3936005	-17.72225189
145.3946075	-15.91630745
145.4363251	-15.99325752
145.6179962	-15.50250721
145.5341797	-15.51265526
145.5461273	-15.50568676
145.570221	-15.51049137
145.7790985	-15.51498699
145.7811432	-15.52941322
145.6408844	-15.5353241
146.0996857	-17.96943283
145.687851	-16.73412514
146.2110291	-16.99845695
145.8050842	-15.60583305
145.936142	-16.87537575
145.9433746	-16.88157845
146.4351044	-17.77425957
145.9393005	-16.8783989
145.9512024	-16.89015961
146.1065979	-17.72477722
146.1536255	-17.7495575
146.1231842	-17.77316666
146.1046448	-17.81072426
146.102829	-17.83411789
145.7962036	-15.55718899
145.7809906	-15.53843307
145.6495056	-15.55839443
145.5321808	-15.55632114
145.9485931	-16.9084053
145.9986572	-16.76707268
145.9935608	-16.92498398
145.8944702	-16.88667107
145.9545288	-16.89111137
145.9080658	-16.97270775
143.5391846	-13.28244972
145.9559937	-16.89401436
145.9339905	-16.93640327
145.9259949	-16.95465088
146.4835968	-17.84960938
146.1168213	-17.85595131
146.1511383	-17.95157051
145.5150757	-15.60728073
145.6263275	-15.60594273
145.7150574	-15.64757061
145.8079987	-15.64650345
146.2049408	-16.99837875
145.8947296	-16.88350105
145.9562683	-16.89982986
146.0753937	-16.60452271
145.8998261	-16.99464607
146.5782623	-17.58052826
146.7154236	-17.66964531
146.5444031	-17.69752693
146.5545044	-17.72473907
146.5720978	-17.69412804
145.508667	-15.67227173
145.8003693	-15.71876621
145.7807922	-15.74977016
145.8194428	-15.82970524
145.5818024	-15.77656364
145.8032379	-15.78924942
145.7751617	-15.81139946
145.772995	-15.82229519
146.1950684	-16.95053864
145.9847107	-16.93302727
145.9828644	-16.93463326
145.9862213	-16.93177223
145.9874725	-16.93165779
145.9885254	-16.9413929
146.5424194	-17.75642776
146.1849976	-17.07360649
146.5019836	-17.73851967
146.5084381	-17.75042915
146.6505585	-17.77948189
146.5168915	-17.79090881
145.5744324	-15.87277699
145.7962952	-15.87716198
145.6472931	-15.33087254
145.6568298	-15.90518665
145.8207855	-15.94987965
146.0016632	-16.93380928
146.0057831	-16.92298126
146.1663361	-18.02551842
146.4105225	-17.09885216
146.3446655	-17.09428787
146.4213104	-17.12123299
146.4685822	-17.12631226
146.5495148	-17.83285522
146.1763153	-18.0398407
146.727066	-17.87638283
145.6651001	-15.97551823
146.200058	-18.03983498
146.5863495	-17.88853264
146.6003571	-17.96941948
145.6928253	-15.4465971
145.8322144	-15.98979378
145.8509369	-16.01783371
145.8673706	-16.05204773
145.8352509	-16.03521538
145.8583984	-16.03013229
146.0081329	-16.51843643
145.9019318	-16.98165321
146.4846191	-17.14941597
146.7947235	-17.94563866
146.768631	-17.99490929
146.1569214	-17.77334404
146.821579	-17.89406776
145.4996491	-16.29825974
146.6814423	-17.56633949
145.8980255	-17.00157928
145.8995209	-17.00465012
145.4689941	-16.07123756
145.4644013	-16.10403824
145.4458618	-16.1672802
146.1639862	-16.60890007
145.4857636	-16.2443924
146.1295776	-16.52711296
146.0014038	-16.56760979
146.2908936	-17.1848011
145.4256897	-16.3622303
146.3685761	-17.19708824
146.0771484	-17.20950317
146.0189819	-16.5817585
145.9000855	-17.0079689
146.1519013	-18.00790215
145.4267883	-16.40287781
146.2522736	-16.68704605
146.2746277	-16.72874832
146.0547791	-16.69470215
143.6101379	-13.40095043
146.0915222	-17.22398567
146.2904816	-18.14867592
143.6048889	-13.40857983
146.2028351	-18.05085564
145.4198761	-16.40711403
145.4144592	-16.44841003
145.6352539	-16.01484108
145.7937164	-16.01890564
145.4189758	-16.42448997
145.4467773	-16.47330093
145.7637787	-16.00673294
145.619812	-16.00907516
145.8080597	-16.01919937
146.2653656	-16.77837372
146.1808624	-16.80299377
146.3576813	-16.85753441
145.7207947	-16.07977295
146.1588287	-18.16708183
146.1452332	-18.18221283
146.3236389	-18.23547363
146.3158264	-18.35866356
145.7560577	-16.07671356
145.7471008	-16.08608437
146.3281555	-18.35521507
145.8076477	-16.03413773
145.699707	-16.0235424
145.7094574	-16.03286171
145.6470032	-16.04948044
145.7393951	-16.05511284
145.8332825	-16.10412598
145.3792572	-14.71065998
145.1659088	-14.71613312
145.1610107	-14.72149372
145.1870575	-14.73452568
145.7522736	-15.33505726
145.2041931	-14.70484257
145.5735321	-15.28826046
145.7636414	-15.31300926
145.7829285	-15.36378002
143.8416138	-13.91487694
143.9511719	-13.90026379
144.7396851	-14.23914433
144.6877289	-14.29763222
144.7904053	-14.30921268
144.8591919	-14.32140255
145.0826263	-14.7362051
145.1991272	-14.73466969
145.1793518	-14.72984409
145.1980133	-14.72135258
144.6506805	-14.34283352
145.1931915	-14.71372223
145.1895142	-14.72822189
145.5814819	-15.35902119
145.7662201	-15.38854599
145.7660675	-15.39985847
145.7718964	-15.41005898
145.508316	-15.42865181
145.6134186	-15.42838383
143.8157196	-13.96458149
143.6148529	-13.92627907
143.7543945	-13.94378567
143.6477356	-13.94903564
145.1846924	-14.71768856
143.841629	-13.96045017
143.6823883	-13.97581577
144.7414246	-14.31907654
145.2083893	-14.74336147
144.9556122	-14.32808208
144.5954437	-14.334939
144.5866852	-14.32317448
145.1009369	-14.73142147
145.3555298	-14.76314163
145.6585236	-15.43023682
144.0956879	-13.60047626
145.8008728	-15.43488216
145.6770325	-15.46156597
145.654892	-15.48405933
145.5027313	-15.48573685
145.805542	-15.48834705
144.0896912	-13.54211235
144.0991974	-13.59171677
144.1039124	-13.62558937
144.1073151	-13.64566326
144.7569885	-14.36003113
145.3294525	-15.60156059
144.961319	-14.37524891
145.3155823	-14.78671837
144.9510498	-14.41412067
145.0868225	-14.78017616
145.3525543	-15.53471947
145.3444367	-14.78665161
145.1400909	-14.78806591
145.1358643	-14.79833221
145.283371	-14.81706524
145.1815643	-14.81616306
145.1894379	-14.82247162
145.3282166	-15.50472927
143.9082642	-10.62424183
145.3191071	-15.61271095
145.4296265	-15.64048386
145.3186951	-15.64445114
145.3535004	-15.70535374
143.6043243	-13.5427599
144.1660614	-13.67631626
144.2373505	-13.73683643
144.2670593	-13.78010464
144.8897095	-14.42552853
144.8115692	-14.43275642
145.2728729	-14.85046291
145.4799347	-14.85496998
145.5276184	-14.8655138
145.4888611	-14.86948586
145.5160065	-14.91681099
145.4779968	-14.89468002
143.5313568	-13.31596184
143.5960083	-13.27562618
143.6732178	-13.30812263
143.8899536	-13.31755543
144.3495941	-13.94645691
145.1820221	-14.31323624
144.027832	-13.85837936
145.5388184	-14.70715809
144.1352539	-13.85580158
144.0787811	-13.85309219
145.4880066	-14.93945408
145.3381043	-14.94181156
144.3112946	-13.86553955
145.3341522	-14.9484272
144.4010773	-13.95244312
144.9583435	-14.45742226
143.5727997	-13.35158348
144.0630646	-13.90872097
144.629715	-14.45157242
144.89328	-14.46287346
144.6980438	-14.47436333
145.5889893	-14.54767418
145.6234741	-14.59968185
144.3566284	-13.92119122
145.646286	-14.64376545
145.6501923	-14.66489029
143.9733734	-13.32482433
143.9509125	-13.3081255
143.5572815	-13.33007431
143.7243958	-13.32792473
143.6007538	-13.32652664
144.454834	-13.97737408
144.5743866	-13.96196938
144.5520325	-13.97590828
144.6430206	-14.47416687
144.6376648	-14.47897816
144.9580231	-14.4773941
145.002594	-14.23346233
145.0677795	-14.26767063
145.1649628	-14.28916931
145.5825348	-14.73134422
145.5106812	-14.74591541
145.5309448	-14.78259373
145.5865479	-14.78984928
144.5200043	-13.98367882
143.7807159	-13.33258152
143.9621429	-13.36719513
143.5991821	-13.36875439
143.5974274	-13.38262463
143.805954	-13.460536
144.1101837	-13.65716457
143.6865234	-14.03008175
145.2775269	-14.34315395
145.3512878	-14.37976837
145.2370606	-14.31356525
145.2351074	-14.32905102
143.6811371	-13.47515297
145.0180817	-14.36433125
145.0350189	-14.39865017
145.6981354	-14.82720089
145.5235748	-14.82437229
145.5207214	-14.81170082
143.7054443	-13.38013554
143.8589325	-14.06368637
143.9138947	-14.07781029
143.7506561	-13.41682148
145.5572815	-14.88309574
143.9745331	-13.39894772
143.9759064	-13.42455959
143.9821777	-14.00527954
145.0892639	-14.4156599
145.3224793	-14.4195385
145.0440216	-14.44357872
145.4103699	-14.44501114
145.6183319	-14.84252357
143.9785156	-13.43976307
143.6286774	-13.41608715
143.8153076	-13.42310429
143.7024841	-14.14096928
143.7739563	-14.22058868
143.7922974	-14.22569561
143.8172913	-13.70207787
143.730896	-14.25510216
143.7796936	-14.28871727
145.4821167	-14.45256233
144.0022888	-14.12823677
144.3023529	-14.12132931
145.0252991	-14.47311687
145.2222443	-14.45621586
145.5367737	-14.49668884
144.4841003	-14.14257717
145.7033539	-14.99295044
144.7037354	-14.123209
144.6997986	-14.13428593
144.8594055	-14.19372177
143.9296265	-14.01922894
144.4851532	-14.14838314
144.7110596	-14.55679035
145.4541321	-14.90861607
144.3212433	-14.09972095
143.7385559	-13.48629475
143.9958191	-13.46698475
144.9700165	-14.50333881
144.0526428	-13.47808075
143.655304	-13.54245853
144.1161041	-13.97915649
144.7649841	-14.5015974
148.2502899	-20.02507591
144.2423248	-14.06813049
145.4415131	-15.02282429
144.7350617	-14.17453384
145.3796234	-15.09353924
145.2633209	-15.09548569
145.2687225	-15.09468842
145.2641449	-15.10084438
143.7909546	-13.52589226
149.5259247	-19.68199158
143.8520508	-13.55240631
144.2460632	-14.14079285
144.915802	-14.5055275
144.8450165	-14.52162933
144.9732056	-14.52409172
144.8560333	-14.53952599
145.3175964	-15.13833618
145.247467	-15.15592575
144.9926758	-14.53987789
145.4223938	-15.11523628
145.268219	-15.15889835
145.4961243	-15.16672802
145.2467499	-15.17649174
143.9216766	-13.64098835
143.7923584	-13.68203926
144.2458954	-14.20897293
143.5643768	-13.72936916
143.8249054	-13.6243248
143.9078674	-13.6067009
144.2540741	-14.15140057
144.2321777	-14.16351414
144.2193604	-14.17449474
144.2164764	-14.16182899
144.9216614	-14.54079914
144.9186401	-14.54436874
144.8701935	-14.54813004
144.8501587	-14.55084801
144.9051971	-14.55351067
144.8892517	-14.56277466
144.9272461	-14.57393074
145.4314423	-15.41388798
145.4174957	-15.47411537
145.5691986	-15.00490189
145.6959381	-15.03404808
145.7028503	-15.04533005
145.6794586	-15.0241518
143.5567017	-13.63815117
143.6388092	-13.73720264
143.7307434	-13.65333939
143.6907196	-13.6692791
144.2219238	-14.21750355
144.2678986	-14.2218523
144.3478394	-14.25623035
144.3561401	-14.27101898
144.747757	-14.06616116
144.6671143	-14.0890255
144.935257	-14.61428642
144.9221954	-14.63728428
144.9936676	-14.71187115
144.9865265	-14.71438885
144.9526672	-14.71846771
145.1584625	-14.50730419
145.1781311	-14.66032028
145.5330505	-15.04456997
145.5700073	-15.05088806
145.5175324	-15.07336807
145.7237244	-15.07281303
145.7051697	-15.07479286
145.6364136	-15.0979948
145.6702271	-15.09437656
143.8379364	-13.75963593
143.905777	-13.74318218
143.9477234	-13.75630569
143.6404877	-13.77140236
144.5246277	-14.12029743
144.6464081	-14.16754627
144.5216522	-14.16741085
145.4910278	-14.6519022
145.2521515	-14.65499687
143.5441895	-13.77156544
145.5872192	-15.25070858
145.5713043	-15.13893986
145.6972046	-15.13665295
143.9794464	-13.76837921
144.8526459	-14.20498943
145.7383728	-15.18930244
145.62117	-15.19776058
145.4469452	-14.65856457
143.9300995	-13.82892609
143.9617004	-13.76087666
143.9326477	-10.6364069
144.2788544	-14.17367458
144.2551575	-14.194561
144.2442474	-14.17051411
144.7996979	-14.17776299
144.5382233	-14.18373394
144.8919373	-14.20033455
145.4661102	-14.65501785
145.4498138	-14.68557739
143.6557312	-13.90091991
145.5565186	-15.20737457
145.7225037	-15.24113178
145.5371857	-15.24224567
145.7518463	-15.28094673
143.7178345	-13.86518288
143.9370117	-13.86664867
143.6383514	-13.87374783
143.6444244	-13.88198185
143.6020355	-13.88528919
143.8925476	-13.90420246
143.6787262	-13.91607857
144.9583588	-14.22637463
144.5767365	-14.23252583
144.9283142	-14.21223068
144.6701355	-14.20374966
148.4756012	-20.03020859
148.830246	-20.24907303
145.4723206	-14.68106556
148.9358215	-20.34912682
148.9273224	-20.34967041
148.2246704	-19.23618126
148.9627228	-20.37173462
148.8483887	-20.3289814
148.5367432	-20.08592987
149.0823059	-20.30060959
149.0989838	-20.28015709
148.5079956	-20.08583832
149.1054077	-20.26360321
148.2413788	-19.23273087
148.9295197	-20.29818916
148.877594	-20.0883007
148.2584686	-19.11724091
148.9208984	-20.29049301
148.82901	-20.3862896
148.8470917	-20.34325027
148.5425873	-19.09532166
148.8480682	-20.36315346
149.1120911	-20.27614784
148.594635	-19.38027191
149.4111023	-19.43678665
148.8926849	-20.08108711
148.9750214	-20.07186508
148.924881	-20.27789116
148.9522858	-20.24401665
148.9454346	-20.22443008
148.5952606	-19.32294655
148.6071777	-19.33229446
148.128891	-18.83682823
148.8509674	-20.37420464
148.8615112	-20.39131165
148.8584442	-20.35241699
148.6502533	-19.07159805
148.6796875	-19.17266464
148.7433929	-19.37219048
150.7474365	-20.41424179
149.0883179	-20.30246353
149.1194458	-20.26964378
149.1660919	-19.24489212
148.9684601	-20.32762146
149.1727142	-19.62364578
149.2015076	-19.51189041
148.6077271	-20.10022926
148.980835	-20.32308197
148.9518433	-20.21712685
148.9577332	-20.17952156
148.959259	-20.15612793
149.2029266	-19.52073669
148.8740997	-20.38865471
148.8556824	-20.32502365
148.6523743	-20.10769844
148.8863678	-20.37526894
149.9966278	-19.72412109
150.0421295	-19.71613884
149.2143707	-19.27701759
150.0986328	-19.74240112
150.1682587	-19.85525322
149.0941925	-20.30509949
150.1694183	-19.91014099
150.1882019	-19.88889313
150.2287445	-19.89331818
148.5722199	-20.10396576
150.2454834	-19.91080284
148.9916229	-20.30598831
149.0063019	-20.3098774
149.0144043	-20.31586456
150.3942413	-19.92307472
149.0323792	-20.30604362
148.6642609	-20.10923576
151.4812927	-23.93275642
148.95961	-20.33107758
148.8409729	-20.27581787
148.0709839	-18.83655357
148.8273926	-20.27772713
148.8332977	-20.36952591
148.7470551	-19.29636383
148.7601166	-19.36961555
148.9626617	-19.28400993
149.0219116	-19.30819321
149.0288849	-19.52679634
149.1171417	-19.25987434
146.5632172	-18.66501045
148.7139282	-20.10733986
148.8512116	-20.26683617
148.8309174	-20.26343346
149.1474915	-19.30397797
147.8957672	-19.8535881
148.8408661	-20.26076698
149.0328064	-19.11525345
149.1107483	-19.13601875
148.8417969	-20.42320824
149.2184448	-19.32469749
148.5579681	-20.11190605
148.5688019	-20.12872887
148.6121063	-20.12642479
148.8501282	-20.42609596
148.8488617	-20.28226471
148.7699585	-20.2343483
148.8506317	-20.42651367
149.0289612	-20.16838264
149.2290955	-19.28629875
148.8441315	-20.42871666
148.9034119	-20.15073013
149.2391663	-19.54565048
149.2413025	-19.56520462
149.2450104	-19.53996468
149.2646942	-19.655653
149.278717	-19.21601295
149.2803803	-19.35026932
148.8972626	-20.1150074
148.9080048	-20.07657051
148.795044	-20.28438187
148.8015595	-20.28759575
148.6058502	-20.13317299
148.9436493	-20.11535072
148.928833	-20.16004562
148.9210053	-20.1589241
149.0386505	-20.16909027
149.033493	-20.1568203
147.5570526	-19.02228546
149.2874298	-19.4111557
149.3510437	-19.39413071
149.3531647	-19.25749779
149.3794708	-19.33300209
150.8515778	-20.26314926
148.92482	-20.07283401
148.9582672	-20.06318474
148.9386749	-20.06734848
148.9541931	-20.08506966
148.9561157	-20.10394287
148.8153229	-20.25338173
148.5797882	-20.14570808
148.8010254	-20.29733086
148.2743835	-20.02167892
149.1149139	-20.19784927
148.4488678	-20.03830528
149.0072174	-20.17323875
149.0093079	-20.17479134
148.6066284	-20.14949417
148.7573242	-20.22656441
148.8209076	-20.23189163
148.7779999	-20.72959518
148.7915955	-20.29678726
149.4189301	-19.48898888
148.7959595	-20.29909706
148.7926941	-20.75107956
148.47612	-20.00348282
149.0413208	-20.23356819
148.4749756	-20.01872063
148.4755554	-20.02669525
148.4690704	-19.99414444
148.4763336	-19.99939156
148.8137817	-20.25341225
148.8098908	-20.30286217
148.7839203	-20.30244064
148.9299927	-20.32267761
148.9926148	-20.22229195
149.1425018	-20.22736168
149.1603088	-20.2368145
148.475708	-20.04196358
148.8137817	-20.2606411
148.8147888	-20.25654411
148.9255676	-20.26183891
148.7464294	-20.25092316
148.9108582	-20.26172447
148.9175568	-20.26990128
148.9978485	-20.24028397
148.8606567	-20.33601952
148.4423676	-20.06514931
149.1420441	-20.23366547
149.1530151	-20.24010658
148.2844391	-20.03719139
148.2664795	-20.06920052
148.9801331	-20.19519615
149.0127411	-20.24419212
148.9922028	-20.35527611
148.9969482	-20.35725975
149.1737366	-20.24800873
149.2449799	-21.13315773
148.2955627	-20.08224487
149.0800934	-20.26204109
148.3085175	-20.10821152
149.0547333	-20.30198097
149.1846314	-20.25502205
149.0453644	-20.31279182
149.0419312	-20.2667141
149.0930786	-20.26375389
149.042038	-20.30731583
148.9645538	-20.34486198
148.9637299	-20.36150932
148.6239014	-20.01794243
148.6263123	-20.02226257
148.9832764	-20.31527519
148.8908234	-20.06110573
148.5386505	-20.06451797
149.3997955	-19.75977516
148.9546051	-20.31395149
148.9507141	-20.29681396
148.9478455	-20.33783913
148.9466248	-20.35720634
149.3714752	-19.76841354
149.3766174	-19.75582695
149.377533	-19.75484848
149.3776398	-19.75631523
149.1989136	-19.71930695
149.4855042	-19.74379349
148.9490356	-20.36409378
149.3795929	-19.75565338
149.2333069	-19.76042366
148.4833527	-18.90562248
149.075119	-20.27492523
149.0731659	-20.29553604
148.544281	-20.06041527
149.3364868	-19.74901962
149.3682556	-19.76073265
149.3665466	-19.76760483
150.3448334	-19.9741745
150.2393189	-19.9932003
150.3435822	-19.85396385
150.5123596	-20.09500122
149.5186768	-19.48023605
147.5262299	-18.79788971
147.6448364	-18.8224926
148.0166626	-18.7971859
147.9766693	-18.8237896
149.7247925	-19.62449837
147.8833466	-18.85930061
148.5487518	-19.20061874
148.8708649	-19.14626694
148.1646118	-18.85705757
147.7422638	-18.90699196
148.8194733	-19.12701416
147.9206696	-18.89479446
148.9287567	-19.1659832
148.5938263	-19.19772339
148.9598846	-19.19041443
148.8801117	-19.18770027
148.6118164	-19.2031517
148.9037628	-19.21391678
149.1853943	-19.79242516
149.118454	-19.80438423
149.1254883	-19.7527504
149.0735931	-19.80712891
149.4253998	-19.80061722
149.5877838	-19.51589012
147.8923035	-18.90571022
149.7431946	-19.52979279
149.5975189	-19.55791283
147.8682251	-18.90539932
149.5259399	-19.3914299
149.5384216	-19.53556633
149.5523071	-19.33899498
149.5789185	-19.42103958
149.6478424	-19.76291084
149.6520844	-19.49703407
149.6591492	-19.78281212
149.667984	-19.81144524
149.6715241	-19.53846359
147.6938324	-18.8633194
147.9512634	-18.89966774
149.4917145	-21.42358971
147.8968658	-18.9248848
147.9093018	-18.93882942
147.6944733	-18.95594597
148.8164215	-19.20934486
148.9847717	-19.27558517
148.617157	-19.26265907
148.550705	-19.25987816
149.5996857	-19.85923386
148.6320953	-19.31987572
148.632431	-19.34154129
149.6611176	-19.57308006
149.7082367	-19.5850811
149.5680389	-19.5813427
149.5048828	-19.58831215
149.6325531	-19.61058044
149.669754	-19.62962532
149.7697449	-19.60277557
149.7247772	-19.60995483
149.6794739	-19.97695732
149.6849518	-19.56377029
149.7013092	-19.54587936
149.7001495	-19.50313568
149.7085571	-19.65945053
149.754715	-19.71500969
149.7620087	-19.79163742
148.0328522	-18.81633377
148.0787201	-18.8542881
148.1506348	-18.87314415
148.1963196	-18.88841629
148.245224	-18.89240456
148.253067	-18.92404175
148.3179779	-18.93338776
148.2897644	-18.95526123
148.634491	-19.3591938
148.682785	-19.35120201
148.9898987	-19.34318352
148.727005	-19.35190201
148.3573456	-19.72500038
148.6594238	-19.42391014
149.7664185	-19.72271729
149.8499908	-19.61589622
149.8791351	-19.63298798
149.7592621	-19.6398983
149.8429718	-19.64156151
149.7195892	-19.65496635
149.7756348	-19.72782707
149.7539825	-19.66420555
149.5791016	-19.66706085
149.6917419	-19.67049789
149.762146	-19.78988457
149.7632599	-19.79142189
151.0743103	-20.66946983
149.7978516	-19.5679512
149.8359833	-19.95151711
149.8441467	-19.93984032
149.8712463	-19.60515594
149.8806305	-19.62174797
149.9077759	-19.67838669
149.918396	-19.65096664
149.9499359	-19.66402626
149.5381165	-19.69139862
148.0530396	-18.96915054
148.376648	-18.95051575
148.4267731	-18.9756794
147.5136108	-18.63195801
147.4896393	-18.67331696
148.5454407	-18.92514992
148.4841919	-18.98755074
147.3900604	-18.3849144
149.9264984	-19.66704559
149.9522705	-19.65864372
148.7792053	-19.37535858
148.7849274	-19.49802017
148.7217407	-19.4563446
148.7360077	-19.50256348
149.6523743	-19.6830101
149.7284393	-19.68892097
146.8711853	-18.48267555
147.0161133	-18.20892143
147.3842468	-18.26569939
147.4173431	-18.54785347
147.4417419	-18.55168343
147.4776917	-18.56454659
147.5818024	-18.42511177
148.294754	-18.87655067
147.801712	-18.49124527
148.0992127	-18.82547188
148.1201325	-18.78942108
148.1813202	-18.82021141
148.245224	-18.84744453
150.4971466	-20.10693741
148.7893219	-19.4530983
148.9986115	-19.41063881
148.8709106	-19.39793015
149.7590485	-19.71062469
148.8544312	-19.43570137
147.2053833	-18.36123848
149.8011475	-19.69753647
149.9095612	-19.69875526
149.9779816	-19.69270134
149.610733	-19.71202278
149.6127625	-19.72046471
149.6864014	-19.70529366
149.7428131	-19.70845795
148.4425659	-18.89353371
147.4487305	-18.41375351
147.1394196	-18.41486359
147.3492279	-18.42234421
147.0580902	-18.43182755
147.0376587	-18.50482941
148.3925476	-18.87726212
146.9695282	-18.15676689
146.9786682	-18.14605331
146.3462067	-18.93754005
146.6277008	-19.0226078
149.0942841	-19.22669411
149.0966339	-19.27848244
148.8240814	-19.4805069
149.0638275	-19.28318977
149.7666779	-19.7116375
149.807724	-19.71658516
149.9248352	-19.70869827
149.0314026	-19.37111664
148.8985901	-19.49141884
149.0201263	-19.20467186
149.9759064	-19.71895981
149.7086334	-19.7245388
149.9610901	-19.73672485
149.6237946	-19.78406334
149.7620544	-19.78318405
149.7865753	-19.74257851
147.1023254	-18.49254036
147.5223999	-18.43486214
146.4889069	-18.5564518
146.4874573	-18.60209465
146.6296234	-19.0282917
146.6094208	-19.03806686
146.5867157	-19.03454971
146.8807678	-19.10871315
149.1584625	-19.35162735
149.025528	-19.35000229
149.243515	-19.31081772
149.0430298	-19.32583809
149.187973	-19.33321953
149.2150726	-19.34224129
149.0970917	-19.35921288
149.1144409	-19.36029816
149.6833649	-19.74087906
149.6172638	-19.75793076
146.4949341	-18.63393593
149.6160278	-19.81798172
149.7326202	-19.83778763
149.7295837	-19.75511932
149.6540375	-19.75805664
149.6561585	-19.76452446
149.6593781	-19.76601601
149.7252197	-19.76840973
146.489151	-18.65820313
146.5060272	-18.63929176
146.4983673	-18.59331703
146.3310242	-18.6824894
146.4337311	-18.81227303
146.8099976	-19.16818237
146.8503571	-19.16638565
146.8645783	-19.15415764
146.8809662	-19.12154007
146.8821564	-19.11715317
146.8622284	-19.11130142
149.07164	-19.37266159
146.6920013	-18.75086212
149.4161682	-19.34141922
149.1848755	-19.36894798
149.0366058	-19.39489746
149.4507446	-19.44294167
149.7214508	-19.8028698
149.2259827	-19.45908928
149.6954193	-19.79045868
149.7052612	-19.8054924
146.5549622	-18.67755318
146.5115967	-18.67670441
146.5761414	-18.71694756
146.6447296	-18.74154854
149.7764893	-19.82637787
146.8152008	-19.11626816
146.8327637	-19.10866547
149.894928	-19.84568024
149.6300812	-21.26690483
146.7887116	-19.11935616
146.8347931	-19.18525124
146.8146515	-19.19767761
147.065567	-19.17939186
149.1563416	-19.45158958
149.053772	-19.49880409
149.5813294	-19.87267685
149.7187805	-19.87999916
146.5986633	-18.69507027
146.5834961	-18.68226433
149.6976013	-19.89555359
146.6103363	-18.76537895
146.6788025	-18.76471901
147.0628357	-19.24640274
147.062912	-19.27323532
147.9276733	-19.03274727
147.75914	-19.72694969
149.119339	-19.50007629
149.6322632	-19.46017265
149.8289032	-19.91683769
149.7793579	-19.94067192
149.7916565	-19.92757034
146.6660614	-18.77711105
146.5353851	-18.77733803
149.745224	-19.94345474
149.6238556	-19.96522522
146.5500641	-18.76878738
146.5207367	-18.77420425
146.5254211	-18.82943153
148.096695	-19.02057266
150.1007538	-19.83302116
148.3406982	-19.01529503
148.4292755	-19.03603363
148.3041382	-19.04730606
148.1815949	-19.05929375
148.0774231	-19.07060051
148.3637238	-19.7290554
149.7245941	-20.01020241
148.4610748	-19.08310509
148.3638153	-19.98838997
146.684906	-18.99560356
149.7550049	-19.99752617
149.7329559	-19.97673225
147.1483154	-18.50876045
150.0066986	-19.70957565
146.5375671	-18.84302711
146.6308746	-18.96382713
146.6191864	-18.97616577
147.1398468	-18.54733849
148.2013397	-19.08122635
148.2311096	-19.07741928
148.2468109	-19.09322357
148.2670441	-19.09339714
148.2869568	-19.09561729
148.3224945	-19.09608269
148.3063202	-19.10439682
148.298111	-19.19438744
148.8815155	-19.53052902
149.2391052	-21.16073608
148.9789429	-19.5239315
150.0976105	-19.81380081
148.9433594	-19.53862
148.9358215	-19.56092834
147.4454956	-18.49704361
150.0855103	-19.75622559
150.1234436	-19.78590012
150.1528931	-19.79887581
147.2984314	-18.62459183
147.4025574	-18.52807808
147.2317963	-18.54670715
147.1927795	-18.55063438
147.4989471	-18.56134033
147.0529633	-18.63109779
147.4259644	-18.62554359
148.3894043	-19.16968155
148.2958221	-19.14525986
148.3447723	-19.11131477
148.3848114	-19.12049294
148.9442291	-19.57868195
150.1833496	-19.82825089
148.5547333	-19.99648857
149.2216492	-19.51968384
149.2308807	-19.53125954
149.002182	-19.52801323
150.0761871	-19.82304573
150.2198944	-19.86567879
147.1030884	-18.69019508
147.2682953	-18.74611664
147.5388947	-18.49941254
148.3379669	-19.36690331
147.5714874	-18.57635307
147.8412476	-18.5816021
147.5544586	-18.6082859
148.0720978	-19.19550705
148.472229	-19.13640022
148.1885681	-19.12188721
148.1803589	-19.13153839
148.1595917	-19.18313789
149.3753815	-19.54483604
149.0437012	-19.53903961
149.0391693	-19.5559063
149.2728729	-19.53398705
150.313797	-19.92573357
149.3663635	-19.53208733
149.3952484	-19.53289223
149.387558	-19.53765297
149.38974	-19.51598167
149.3911743	-19.53505135
150.5904541	-20.05313492
150.2485352	-19.88918304
150.2930298	-19.8934269
150.3311157	-19.93745041
150.1625977	-19.90272141
150.1998596	-19.92139053
150.1786652	-19.9426136
150.6053162	-20.10505867
147.6332855	-18.6073761
147.5979919	-18.64159966
147.614975	-18.65775681
147.5656738	-18.65759468
147.563858	-18.66860008
150.6121368	-20.02293968
147.7172394	-18.64651299
147.8568726	-18.6938839
148.1832733	-19.19681931
148.349823	-19.27865601
150.6127014	-20.10313225
150.6154327	-20.07840347
148.0796814	-19.29451752
149.3964233	-19.54352951
149.3977661	-19.52812576
152.1327667	-20.91207886
149.3528748	-19.54730606
149.4338379	-19.54832458
150.6214905	-20.10549545
149.2478485	-19.57890129
149.2371979	-19.58856964
149.4944305	-19.57124138
150.2710724	-19.91143227
150.3347778	-19.94491577
150.3492127	-19.95414543
150.2074127	-19.95633316
150.6337738	-20.10962868
147.5423126	-18.72175407
147.8889771	-18.72080612
147.8416138	-18.73146439
147.8735199	-18.77412605
150.6439972	-20.07323074
147.7083893	-18.7698307
147.9459686	-18.75042152
147.9341278	-18.76456451
148.4358978	-19.32163239
148.0894318	-19.38344193
148.5639191	-19.03156471
148.6921082	-19.0863533
150.6448059	-20.09158707
148.6888275	-19.11245728
148.9068298	-19.1192894
149.4134979	-19.58921623
150.6627655	-20.14331055
150.6762695	-20.15525246
150.6821899	-20.14110184
149.4180603	-19.64511299
149.3734436	-19.69941521
149.8839874	-21.46553802
149.1835327	-19.68999863
149.3027649	-19.75041771
149.6642914	-21.47134399
149.9247589	-21.47615433
149.9111481	-21.48144341
150.8934631	-20.8062191
150.9542847	-20.76789093
150.9075165	-20.76881027
150.8964233	-20.78035736
150.8141174	-20.79827118
152.2345734	-20.92226219
150.9860992	-20.86349106
150.9531708	-20.88706779
150.6231537	-20.90464211
151.0033722	-20.83214569
152.2462311	-20.92517471
148.55513	-20.09395027
152.1759338	-20.92093468
152.2117462	-20.91632843
152.2227325	-20.92043114
152.2289734	-20.94096184
148.6515961	-20.21060181
148.6651306	-20.21146011
152.2584992	-20.93284798
152.327301	-20.96430588
148.5447388	-20.07486534
148.5541992	-20.07240105
151.0149384	-20.53880119
148.6665039	-20.19644928
149.9203949	-21.4895401
151.087616	-20.53092194
149.8934937	-21.49390602
149.9296722	-21.49528885
150.5284576	-20.98368073
149.913559	-21.49962997
150.5351868	-20.9407692
150.5948181	-20.37755775
150.5209656	-21.01173019
150.6589966	-20.95217323
150.6017456	-20.58701515
148.6743317	-20.18635941
150.9179535	-20.96454239
150.5147553	-20.18414879
150.5562286	-20.35976982
150.5596924	-20.32524681
150.5626526	-20.32019615
150.5777283	-20.4428997
150.5852051	-20.21082687
150.5897827	-20.44947815
151.0013123	-20.61915016
148.7758026	-20.25955772
150.5085907	-21.05124092
150.4547272	-21.07901001
150.9520111	-20.97310638
148.7892151	-20.27570343
150.0818329	-21.02591896
150.2562256	-21.06552696
150.2388763	-21.11513329
151.0318451	-20.63998795
151.045044	-20.65534019
151.0140839	-20.67880058
150.9949646	-20.69497871
151.0361786	-20.68518829
150.6060028	-20.2727375
150.6085968	-20.32735062
150.630188	-20.44201088
150.6314545	-20.37263298
150.6325531	-20.38067055
150.6352997	-20.26913643
150.6360779	-20.37752151
150.6374359	-20.23855591
150.6504059	-20.49994469
150.423584	-21.05682755
150.6771393	-20.47095871
150.6786041	-20.48099518
150.4895783	-21.04085922
151.088562	-20.69314384
151.0629578	-20.69101715
148.7973328	-20.27743721
148.8199463	-20.33912468
148.9003601	-20.47769928
148.9053955	-20.50421715
150.4814606	-21.12298584
150.3092804	-21.46756744
151.1109924	-20.71712112
151.1535797	-20.7178154
151.1512604	-20.73327637
151.0157623	-20.74736214
150.9948883	-20.70257759
152.1602936	-20.92708778
151.0414429	-20.71847916
151.0482025	-20.72468758
150.6808777	-20.24599648
150.6901245	-20.48028755
150.693161	-20.46883392
150.699997	-20.17978096
150.7073059	-20.46684074
150.715622	-20.52830124
150.720108	-20.46941948
150.7221069	-20.62629128
150.7241211	-20.22906494
149.9826813	-20.30686188
148.9167328	-20.53463364
148.9334869	-20.3204937
150.2419128	-20.51556396
150.381424	-20.53423691
150.1259766	-20.57020569
151.0679627	-20.80563736
151.0578156	-20.88191795
150.732254	-20.21859932
151.0873261	-20.80488396
151.1979523	-20.76546669
151.1970673	-20.77748299
151.1571198	-20.79952049
151.0027618	-20.81661987
150.7463989	-20.35470009
150.7336731	-20.46549034
150.7369843	-20.42467499
150.7374573	-20.2263031
150.7376556	-20.43253517
150.7555847	-20.44333839
150.7607117	-20.4205246
150.7641449	-20.40253448
150.4511108	-20.67592812
149.068573	-20.28569221
150.4465942	-20.68468094
150.4344025	-20.60325623
150.4489441	-20.68940353
150.3817291	-20.60163498
150.3896332	-20.64429283
151.1858215	-20.86876297
151.210846	-20.93144608
151.2294159	-20.84253693
150.7782288	-20.45646095
151.2060242	-20.89480209
151.2480164	-20.86843872
151.2394409	-20.92861366
150.7661591	-20.15852928
150.7696686	-20.40394783
150.7700653	-20.20286369
150.7727814	-20.70088959
150.7798157	-20.70519066
150.7798309	-20.57594681
150.4501801	-20.64879608
150.4516144	-20.68408012
150.4566956	-20.68958282
150.4611054	-20.69063568
151.1914215	-20.90111923
151.0428162	-20.91514969
151.3342438	-20.83993912
151.3048554	-20.88574791
151.326294	-20.94240761
150.7825623	-20.41401482
150.7971497	-20.20373344
150.7983246	-20.56061745
150.8034363	-20.3007412
150.8418579	-20.59078407
150.8418732	-20.24764824
142.3482056	-10.84471703
150.8755951	-20.59356499
150.8790283	-20.58362961
148.9647369	-20.36758232
149.141037	-20.67612839
148.963089	-20.36922455
148.8915863	-20.48501778
150.8925171	-20.63371086
150.4657593	-20.63415337
150.2307282	-20.6812706
150.2871399	-20.65514565
149.9682617	-20.1468544
150.1860962	-20.70088959
150.415329	-20.68364525
151.1835175	-20.96024895
151.2466888	-20.97012901
151.3562012	-20.95941734
151.3448944	-21.01217842
151.3388214	-20.9841404
151.4033661	-20.96608734
151.3026581	-20.98554993
150.894043	-20.43728828
150.8943787	-20.57236481
150.8793335	-20.30348587
150.890686	-20.64827156
150.8920746	-20.62711716
150.8987885	-20.64043999
149.9417419	-20.04980278
149.243454	-21.09716797
150.4682312	-20.71710205
152.0720673	-20.94542694
149.973114	-20.02596855
150.4846344	-20.78170204
150.4537659	-20.80457306
150.9485474	-20.44281387
150.3760834	-20.81850624
151.4776917	-20.99131012
151.9689941	-20.88855743
152.1799316	-20.93001175
152.2514496	-20.96151733
152.2784882	-20.9671917
150.8995361	-20.6640892
150.900238	-20.6577301
150.9006805	-20.64913177
150.9088745	-20.68639565
150.9106293	-20.64838219
150.9137116	-20.6439476
150.9281769	-20.83177948
150.9331207	-20.36883736
150.37883	-20.85866737
150.0326538	-20.90947533
151.0145264	-20.81394577
150.0803223	-20.96219444
152.395401	-20.98940277
152.064209	-20.98535919
152.0860291	-20.9924736
152.11026	-21.00201988
149.2867737	-21.27493477
150.9536743	-20.39195442
150.9695587	-20.41433525
150.9808655	-20.79942322
150.9874878	-20.43544197
151.0220032	-20.47303963
151.0348816	-20.55537224
151.0369263	-20.48509979
151.0515289	-20.49710083
151.0680084	-20.86791801
149.2654724	-21.17368317
149.3018799	-21.29310036
149.3253784	-21.32810211
149.3191681	-21.37216187
149.3334198	-21.41295242
150.7110748	-20.51370049
150.8618622	-20.51245499
151.0752258	-20.80616951
150.061615	-20.27863693
150.8017883	-20.52220154
150.7584381	-20.52812195
150.5615082	-20.56393242
150.5761414	-20.54076958
150.5921783	-20.56747246
150.7540894	-20.54816246
151.1055298	-20.82013512
150.7232361	-20.56340408
150.7733765	-20.56638336
148.6956787	-20.26680374
149.3374786	-21.42988205
149.006958	-20.40604973
149.1159973	-20.59808922
151.0733185	-20.86066246
151.1061401	-20.70207977
151.1200867	-20.55818939
150.6130219	-20.98432922
150.7248383	-20.98160744
151.2059631	-20.84147453
151.2214966	-20.94626999
151.2506714	-20.94625282
151.2628021	-20.94341278
149.4582825	-21.45476913
149.4939728	-21.46794701
149.391449	-21.4749527
149.3960114	-21.49760056
149.8979645	-21.01667213
150.8222656	-20.56455612
150.8385315	-20.56871796
150.9977264	-20.55450821
150.7458649	-20.57420349
150.8647919	-20.58458519
148.9394379	-20.33461189
150.7667542	-20.59622574
151.5072479	-20.86816406
151.5287018	-20.96113777
151.552002	-20.89334869
151.2635498	-20.80905342
151.2976227	-20.82970047
151.364624	-20.99393082
151.3704071	-20.99651337
151.3710175	-20.95566177
151.3793182	-20.99149513
151.3977203	-20.86470604
149.5475464	-21.03016663
149.9355469	-21.1026268
150.7327423	-20.62347031
150.8036041	-20.62533188
150.9018555	-20.61783409
150.8534851	-20.61770821
151.7663422	-20.97468758
150.9172363	-20.60783577
151.5678864	-20.97740173
151.5887451	-20.95644569
151.6156311	-20.92254066
151.6507721	-20.98627472
151.4007111	-20.80971146
151.4406586	-20.83052635
151.6612244	-20.94258499
151.663147	-20.90677071
151.7044678	-20.92920494
151.7232971	-20.95382118
151.7316742	-20.97829056
151.4535675	-20.91462517
151.4592285	-20.90550995
151.4677124	-20.84673691
151.4718018	-20.90851784
151.4767761	-20.85103226
151.4808197	-20.85873985
151.3386383	-20.99990273
150.4405518	-20.73745537
150.4567871	-20.74164963
149.6825104	-21.31558609
151.8963318	-20.9503479
149.6579437	-21.37103653
149.8296204	-21.37520409
150.9199829	-20.60360146
150.9233398	-20.60908508
150.9212494	-20.61368942
150.9205017	-20.6217823
150.9929962	-20.6258564
150.9552155	-20.63089561
150.9815521	-20.64595985
150.6989441	-20.66161537
151.9126282	-20.89767838
150.3150024	-20.12468529
150.7353973	-20.6450882
150.7524414	-20.63508606
151.8352509	-20.93555069
151.8523254	-20.95568848
151.8709564	-20.9168663
151.8871613	-20.90622902
151.9177551	-20.88763618
151.9979858	-20.88562012
152.0014648	-20.89506721
152.0064392	-20.89038467
149.8868561	-20.00649834
149.9347076	-20.17041779
149.9604645	-20.016119
150.3713379	-20.09990501
150.3728027	-20.11018944
150.373642	-20.03268433
150.3756104	-20.05285645
150.3819885	-20.07411194
150.386795	-20.07428169
149.8213501	-21.43399429
150.7761231	-20.68308258
150.873764	-20.67168617
150.8342285	-20.6973896
150.9825287	-20.67941666
152.1171875	-20.91879845
152.1188049	-20.95344162
152.1287537	-20.97584534
152.0533295	-20.89993668
152.0632019	-20.89255142
152.0953674	-20.98147583
152.0977936	-20.93041801
152.0980835	-20.91884804
152.1115723	-20.91273308
150.3892059	-20.10351753
150.3967896	-20.07800102
150.4033051	-20.10764122
150.4061737	-20.04434967
150.4095306	-20.14569473
150.4130096	-20.14537239
150.4143829	-20.13697052
150.4249725	-20.03649902
150.2584534	-21.51895905
150.4319611	-20.06311798
150.4887695	-20.23344612
150.5830231	-20.06111145
149.713974	-21.44830132
149.8482056	-21.44401741
149.873764	-21.45638275
150.8839722	-20.7258606
150.760025	-20.7081089
150.9378357	-20.70666695
150.8203583	-20.71379089
149.1013336	-20.54496765
149.119751	-20.54111671
149.1101227	-20.54157066
149.1053467	-20.55112648
149.4319611	-20.92989349
149.448288	-20.93379593
149.4812927	-20.93557549
149.1583557	-20.66488457
149.4695129	-20.9298172
149.060669	-20.52033806
149.0705261	-20.50695229
149.0899048	-20.48650169
150.7057343	-20.32145309
150.5844269	-20.35409737
150.598999	-20.37162781
149.1109161	-20.55192184
149.1200714	-20.54652405
149.1259308	-20.5483284
149.1512756	-20.98583221
149.7512207	-20.54230118
149.0974121	-20.6816349
149.9512024	-20.54021454
149.9281311	-20.55967712
149.0990448	-20.4836483
149.8306885	-20.01483345
149.0864716	-20.45864296
149.0826569	-20.44202423
149.0758972	-20.45093918
149.0890808	-20.42716217
150.6564636	-20.3503933
149.948288	-20.05765152
150.7129059	-20.35417557
150.7524109	-20.37828827
150.8091583	-20.3495388
150.6837616	-20.37080765
149.1056976	-20.54129982
149.1331329	-20.54910469
149.077713	-20.55299568
149.1441345	-20.683218
149.6203156	-20.7711544
149.6140747	-20.85461807
149.5908508	-20.86450386
149.7386322	-20.95089912
149.9595947	-20.06146622
149.9339294	-20.06256294
150.8527527	-20.3475399
149.8119659	-20.06409836
150.8619537	-20.33255577
150.5829926	-20.39775848
150.6151581	-20.39672852
150.6852722	-20.41614914
150.722229	-20.40675163
149.1422882	-20.69530296
148.7947846	-20.76698875
149.159256	-20.68100166
149.1379242	-20.69109726
149.1511383	-20.6700058
149.1383667	-20.68164253
149.782135	-20.98659897
149.7980652	-20.98820686
149.992157	-20.05456161
150.0518646	-20.56435394
149.9260864	-20.10170746
149.9369049	-20.13447762
150.320343	-20.0068779
150.2612305	-20.00705719
149.1274567	-20.6935215
150.7517853	-20.4134388
150.9114685	-20.41843987
150.9311218	-20.41461182
150.7261963	-20.44673729
150.7172546	-20.48584747
150.9646606	-20.5077076
149.0689392	-20.30351448
149.1114044	-20.5873909
149.0263519	-20.35513687
150.2430267	-20.02637672
150.0142822	-20.02371788
150.1955719	-20.102314
150.3946228	-20.08385849
150.4666748	-20.07352638
150.0238953	-20.06770706
150.427063	-20.05322075
150.4166412	-20.08670807
150.8460846	-20.4727478
150.6009827	-20.51828766
148.842041	-20.82444191
150.8294525	-20.49589348
148.818985	-20.50341606
148.8089752	-20.5093708
149.0638123	-20.61575127
149.1863098	-20.60095024
149.0710602	-20.64455032
149.0724945	-20.62575722
149.1816254	-20.61571884
149.1540222	-20.65238762
149.0285187	-20.39909172
150.4501038	-20.07737732
150.4816895	-20.08843803
150.427002	-20.12101555
150.3855896	-20.15007591
150.3165131	-20.10089111
148.8079834	-20.51429367
148.9286194	-20.52831459
149.0707398	-20.66367722
149.0949554	-20.67349815
148.9360199	-20.52799606
149.0069275	-20.42291832
149.0617981	-20.64608002
149.0882263	-20.66256714
150.0096741	-20.12045288
150.0722961	-20.18974113
150.3690796	-20.17415047
150.4460144	-20.14126396
148.9257813	-20.54163551
148.8622742	-20.58167458
149.0161438	-20.42101097
149.0720215	-20.14357948
148.7312622	-20.64644432
148.7601166	-20.67201614
150.4720001	-20.19290543
148.8772583	-20.59887123
148.8672791	-20.6115799
148.7221375	-20.62801933
150.1032715	-20.29578018
149.1893921	-20.6765728
149.185318	-20.68871498
149.1822205	-20.68222618
149.1767883	-20.67643547
149.0709381	-20.1554451
150.1325531	-20.3427887
150.067688	-20.34972763
148.7586212	-20.68675995
148.7402039	-20.69613647
149.206543	-20.69828606
148.854599	-20.78241348
149.14151	-20.70630074
150.1249085	-22.00054932
149.2010346	-20.6994648
149.0315399	-20.43171692
149.0288086	-20.4457798
150.0733337	-20.36850166
152.2519379	-21.68244743
149.0509949	-20.45573807
150.1253052	-20.40136719
149.0423584	-20.43645477
150.0960693	-20.34886932
150.2014923	-20.40709114
150.1979523	-20.34207344
148.8462219	-20.7902813
149.1395569	-20.71051025
148.8795929	-20.79493523
149.14888	-20.73909187
152.5750732	-21.1593914
149.2324066	-20.73248672
149.058075	-20.44671249
149.1019898	-20.43533134
149.0100555	-20.44887733
148.8811798	-20.82216644
150.2366791	-20.40214539
150.2405853	-20.44607544
150.1514587	-20.48106194
150.2041168	-20.47503471
150.2905426	-20.46800613
150.546936	-20.03048134
148.8723145	-20.80475426
148.9004364	-20.82066154
149.4698181	-20.74207306
149.4846191	-20.74032211
151.0812073	-21.15045166
149.4358215	-20.76638222
149.1616974	-20.7523632
150.5077515	-20.07274246
150.5032806	-20.08463478
150.5972595	-20.06940842
150.5544128	-20.07543945
150.6311951	-20.08014488
149.1063538	-20.46368217
150.5774231	-20.10307503
150.6442261	-20.12529755
150.6905823	-20.14086533
150.5210114	-20.1621685
150.7352905	-20.16459656
150.6586304	-20.16599655
149.3975372	-20.77874756
152.5815582	-21.15351486
148.9271088	-20.84161949
148.8966217	-20.82802773
149.2714539	-20.75952339
149.2705994	-20.76460838
149.0357971	-20.46988106
149.1261749	-20.47132492
150.7565918	-20.26915741
150.5354767	-20.17991257
150.6262054	-20.19049072
150.5606537	-20.20084381
150.6434021	-20.20532227
150.7103577	-20.20387077
150.5478821	-20.22480011
150.7418213	-20.30322075
148.9398041	-20.86069298
148.9186707	-20.84611511
149.0544891	-20.48566628
149.2814026	-20.8011837
150.6540222	-20.23065948
150.7452393	-20.24120331
149.0318451	-20.4222908
150.7649078	-20.2290287
149.0332031	-20.89855385
150.5127258	-20.2592411
148.9598999	-20.87089729
149.0588989	-20.91724777
149.3550568	-20.91358185
148.9914551	-20.89143181
149.2669525	-20.81618309
149.1110382	-20.49005127
149.0599518	-20.47400475
149.0808563	-20.43684769
150.6425781	-20.27525139
150.7400513	-20.25927925
150.7377319	-20.27890587
150.5596314	-20.28167725
150.7110596	-20.25681114
149.0894318	-20.50634384
149.0846405	-20.52236366
149.3913574	-20.91011047
149.4008789	-20.91851234
149.4129639	-20.92150688
149.4365692	-20.90406036
150.8041382	-20.28140259
150.7931366	-20.29047394
152.2526093	-21.5140934
149.0799103	-20.45842361
149.0734711	-20.47439384
149.0583649	-20.49876213
149.6880493	-20.03160477
152.1001282	-21.56572914
150.6079102	-20.30254555
150.5782929	-20.33308029
150.6672058	-20.32401657
152.1420593	-21.64177513
152.1434021	-21.63837433
149.7758637	-22.35923195
149.0873566	-20.53328514
152.02771	-21.64032745
152.0335388	-21.67487335
152.03479	-21.66767883
152.0675049	-21.69584274
152.0778809	-21.63981628
152.0808563	-21.63708687
152.0990295	-21.43374825
152.1453247	-21.54867554
149.5955963	-22.14301682
149.6064911	-22.1531086
149.8429565	-22.13786507
149.9404297	-22.13488007
152.151413	-21.63557816
149.8684845	-22.21303177
152.3020783	-21.57236671
151.8996735	-21.78518867
151.9996796	-21.57126045
152.2551727	-21.57179642
152.4419403	-21.57208824
152.152771	-21.91041565
152.154129	-21.91856194
152.3682404	-21.57960129
152.4072113	-21.57878304
152.4046936	-21.59353256
152.2066803	-21.41665649
149.8191223	-22.3877182
152.4666596	-21.96283913
152.3469391	-21.97629929
152.3745575	-21.97977829
152.2321777	-21.97902107
152.4773865	-21.98163605
152.4640503	-21.98226166
152.1477814	-21.64033318
152.1498413	-21.91394997
152.1609039	-21.76275444
152.1627197	-21.56134415
152.1789856	-21.49692917
152.2053833	-21.45944977
152.206131	-21.86235619
152.2143402	-21.41116905
152.2153626	-21.51464462
152.2159119	-21.42250252
152.3255615	-21.58952332
152.0751495	-21.59158134
152.1928558	-21.60378075
152.3697205	-21.60575485
152.4735718	-21.61081314
152.5457153	-21.54859161
152.5339966	-21.57309914
152.5397949	-21.66206551
152.5084992	-21.71348381
152.2092438	-21.52861786
152.2105408	-21.86450386
152.2181244	-21.44385338
152.2240143	-21.8643856
152.2289734	-21.94983292
152.2292786	-21.73982811
152.2292938	-21.74324226
152.2344055	-21.7384243
149.8503113	-22.14871597
150.0080414	-22.08267212
150.0041351	-22.08652687
152.2126923	-21.61082458
152.134613	-21.62264824
152.3084412	-21.63533592
152.3887787	-21.63401604
149.904007	-22.47035599
152.5587616	-21.71955299
152.5208893	-21.72936058
150.3769531	-22.00405312
152.2786865	-21.65665627
152.2858429	-21.92135811
152.5088806	-21.77416229
152.6355743	-21.84602356
152.2881622	-21.6645813
152.5930176	-21.78662682
152.2364807	-21.51454163
152.2462158	-21.52165222
152.250351	-21.73649216
152.2588806	-21.77745819
152.2649689	-21.73464394
152.5934448	-21.85103798
152.3002472	-21.85752487
142.6821289	-10.64336491
152.2679138	-21.66998482
149.8646698	-22.14408112
152.475769	-21.64585686
152.3424835	-21.66396904
152.2631683	-21.6282177
152.4517212	-21.66448402
152.6274567	-21.82133293
152.545044	-21.8259201
152.5223389	-21.82880592
152.5357513	-21.84827232
152.5092163	-21.87475014
152.2726898	-21.69619179
152.2728577	-21.60727119
152.2730408	-21.80426788
152.3008118	-21.45067596
152.3015595	-21.93279839
152.6141663	-21.86807632
150.1558228	-21.96935844
152.3939972	-21.6743145
152.4413452	-21.6783886
152.4980316	-21.67513466
152.2044983	-21.68672562
152.58078	-21.87247276
152.6570587	-21.89438248
152.5897064	-21.89870262
152.3116455	-21.4750843
152.3131561	-21.65391541
150.1330872	-21.98811913
152.5219574	-21.92190361
152.6061859	-21.91841125
152.672348	-21.91166115
152.3146973	-21.42149353
152.3163452	-21.55472374
152.3051148	-21.79043198
152.3080597	-21.49407768
152.3083038	-21.44657707
152.3175507	-21.69135094
152.320221	-21.89008904
150.1644592	-21.99125481
150.1918182	-21.98012352
150.3819733	-21.97130585
152.0877228	-21.695858
152.6260529	-21.93969154
152.3487244	-21.70672607
152.6879273	-21.93577385
152.2894745	-21.71533775
152.5898743	-21.93881989
152.657898	-21.94279099
152.5994568	-21.95517349
152.5720825	-21.96551514
152.320282	-21.42893791
152.413208	-21.66892624
152.3233337	-21.98820305
152.323822	-21.68810463
152.3257141	-21.55496025
152.3380737	-21.95007896
152.3388825	-21.55977058
152.34198	-21.55001068
152.3431702	-21.91989326
152.4160309	-21.97094154
150.6876831	-21.95726395
150.669281	-21.99077225
150.5865784	-21.98252487
151.576294	-21.23110199
152.4504395	-21.70457458
152.3693085	-21.72053146
152.3866882	-21.72823906
152.3687134	-21.73306656
152.4284973	-21.73435974
152.701416	-21.96721268
152.6608887	-21.97358322
152.6488342	-21.98545456
152.4228058	-21.46875381
152.5434418	-21.97782898
152.56604	-21.98163223
150.3724213	-21.02275085
152.3756867	-21.86188126
152.3444824	-21.46165276
152.3495789	-21.55377197
152.3535767	-21.48029327
152.3567352	-21.5037899
152.3650513	-21.84985924
152.3668518	-21.43415833
152.3690186	-21.40522575
152.371933	-21.75258446
151.3967438	-21.51145363
152.3759003	-21.93807983
152.3834076	-21.71019936
152.4238434	-21.45611954
151.4775543	-21.55069733
152.41008	-21.64658737
152.3345337	-21.75823021
152.2013092	-21.75213051
152.4124298	-21.97541809
151.8564148	-21.38642311
152.414505	-21.76066017
151.4925232	-21.04630661
151.5068359	-21.03574944
151.5175324	-21.03556442
151.5185547	-21.03987694
151.5384522	-21.045681
151.497345	-21.31705666
151.5625	-21.34963799
152.4239044	-21.98160744
152.4284058	-21.97450829
152.4478302	-21.51005363
151.2603149	-21.81486893
151.6009827	-21.49707985
151.9732666	-21.50391006
151.8116608	-21.51576233
151.6534424	-21.51837349
152.1195374	-21.78804779
151.8856659	-21.05342674
152.1502533	-21.79958344
152.4243164	-21.77576065
152.4556732	-21.7843132
151.5844421	-21.32298851
151.606247	-21.26049423
151.0752564	-21.00653839
151.6161194	-21.22754478
151.6392822	-21.0980835
151.6582184	-21.01909065
151.6837158	-20.99985504
151.6884003	-21.36059952
151.7086029	-21.30030441
151.7145233	-21.12241364
151.7156677	-21.31757736
151.7587433	-21.04790115
151.7622223	-21.1006279
152.4685516	-21.42641258
152.4697418	-21.81890869
152.4891663	-21.59504509
152.5134735	-21.72882843
152.5373077	-21.61031723
151.4961548	-21.02639198
152.538208	-21.5966053
152.5627747	-21.51738739
152.5745544	-21.45111275
152.5767365	-21.45688629
152.6075592	-21.42566109
152.6299286	-21.70448875
150.9554901	-21.23083878
151.5417633	-21.52249908
151.7745819	-21.5274086
151.9151306	-21.52347755
151.7071228	-21.56830406
151.620285	-21.57858467
151.7741699	-21.58350372
151.9379425	-21.57574081
151.9217072	-21.60271454
151.9129791	-21.19337463
152.3827515	-21.7998085
151.9233246	-21.34553337
152.4764099	-21.80547142
152.4541779	-21.80854034
152.4094391	-21.80698013
151.9352264	-21.24876022
150.961792	-21.25525856
152.2109528	-21.81646729
151.779007	-21.10577011
151.7854004	-21.12643814
151.8044281	-21.06828499
151.8161011	-21.14250183
151.964447	-21.34487915
152.6309815	-21.69975281
152.6421356	-21.80385208
152.6495361	-21.58280945
150.6430206	-21.12710571
150.7914734	-21.04992676
150.9083099	-21.28977776
150.9342041	-21.10757637
150.9652863	-21.17553329
150.9704895	-21.24340439
150.9809418	-21.20784569
151.5190277	-21.62318039
151.5774689	-21.62550163
151.6070709	-21.64738655
151.6245422	-21.62705231
151.7902374	-21.62903214
151.6924133	-21.65459442
152.4279327	-21.82340813
152.4593201	-21.82321739
152.1729584	-21.8669281
151.0753021	-21.20594215
152.3121948	-21.83160782
152.4666596	-21.84184265
152.2672119	-21.85632515
150.9984589	-21.24422073
152.4398346	-21.85553551
151.9737549	-21.1634407
151.9807892	-21.02438927
151.9886475	-21.35400581
151.9934387	-21.2104435
151.9976044	-21.20317268
151.0040588	-21.23621941
151.0345917	-21.30661774
152.1678314	-21.08334923
152.1783752	-21.37708664
150.9881134	-21.27243233
151.096695	-21.11870384
151.1290588	-21.34788513
151.9684296	-21.76605034
151.9143829	-21.64925003
152.3540955	-21.8627739
151.9779205	-21.64864922
151.5669556	-21.6727066
151.6230164	-21.67194366
152.4085846	-21.862854
152.3060608	-21.86752892
152.1315308	-21.87729645
152.1247711	-21.90052986
152.3644257	-21.89227295
152.3952026	-21.88080788
152.1809082	-21.40065384
152.2500763	-21.33128357
152.253952	-21.37068367
152.2605743	-21.19899178
152.2774658	-21.28526878
152.3048096	-21.26282501
152.3522186	-21.3247242
152.4060974	-21.37353134
152.4111786	-21.15945244
152.4199066	-21.18358803
152.4258423	-21.16960144
152.4673767	-21.39974022
151.1431122	-21.33972168
151.1463776	-21.25601768
150.9507752	-21.69025612
151.1863251	-21.299263
151.2328796	-21.46313095
151.2709351	-21.10435295
151.2908325	-21.09406281
151.3275299	-21.00745964
151.3637543	-21.0047226
151.3925934	-21.05715752
151.4018555	-21.04515648
149.9701996	-22.03235817
151.4036102	-21.5834465
151.4085541	-21.03129196
151.8820496	-21.80438995
151.9869385	-21.83785439
151.9263001	-21.8867054
152.4438171	-21.8837204
152.5130005	-21.0743885
152.2711029	-21.94011307
152.4777222	-21.9057827
152.4502716	-21.90856934
152.5490112	-21.36834717
152.5523224	-21.30671501
152.4660034	-21.91745758
152.3926697	-21.92293739
152.4734802	-21.34479141
152.4868622	-21.37724686
152.4987183	-21.21731758
152.499115	-21.11686897
152.5908203	-21.3647728
152.6707764	-21.23773766
151.4534454	-21.33267212
151.4955139	-21.05808449
150.9060669	-21.71020126
151.0183716	-21.7247467
151.8604584	-21.69746208
151.7421722	-21.71146393
151.9846497	-21.71365356
151.9442291	-21.73451805
152.4342041	-21.92556763
152.4926148	-21.93086052
149.6142731	-22.05583191
151.7736816	-21.75589371
152.2117157	-21.94097519
151.8958588	-21.60844421
152.1087341	-21.92170143
152.6800079	-21.14983749
151.620163	-21.49674034
151.6365356	-21.51146507
151.8672028	-21.43146133
151.8909302	-21.77956772
151.8945618	-21.7827549
151.9030914	-21.59080315
151.9182129	-21.47489166
151.9261627	-21.80414963
149.8870239	-21.99606133
149.8680878	-22.00758362
149.8307648	-22.0241642
152.4191895	-21.50375557
152.3890228	-21.5148201
151.9600678	-21.88318062
152.4947968	-21.51159668
152.0499573	-21.49883652
152.4551849	-21.52105713
152.4408417	-21.52726746
152.4745789	-21.53461266
152.4588928	-21.93623352
151.9613953	-21.59081268
151.9721222	-21.88482475
152.4233093	-21.94807434
152.3126679	-21.95143318
152.0556488	-21.96060562
151.9427643	-21.74864578
151.9871368	-21.91567039
152.0053864	-21.69825745
152.0188446	-21.69502258
152.0212555	-21.67606735
152.0216675	-21.69340134
152.0250702	-21.68602943
152.0275116	-21.67679596
149.8116455	-22.04288864
149.9878082	-22.05339432
149.5673065	-22.17403793
152.1967011	-21.55088615
150.2283478	-21.91445732
152.2796631	-21.52086449
152.3978882	-21.54730034
152.2731628	-21.56251717
152.4567413	-21.56138802
152.6052551	-21.28995514
150.2950134	-21.67314339
152.5805969	-21.31895638
152.55336	-21.33865738
152.5058746	-21.36851501
152.5248413	-21.34047318
150.275116	-21.68361664
150.2873077	-21.68441772
150.3164368	-21.73255157
150.2893677	-21.74769211
152.1640167	-21.09871864
151.1279907	-21.25706482
151.374939	-21.26511574
151.2036133	-21.29463577
151.1143494	-21.29155731
151.1196747	-21.31758881
152.2563477	-21.10013008
152.3135529	-21.10190964
152.3543243	-21.10294342
152.1565094	-21.10522842
152.1865692	-21.1063652
152.522583	-21.35182953
152.5106964	-21.35843468
152.5015869	-21.37943649
152.5291443	-21.37872505
152.5075226	-21.39318848
152.5175934	-21.39437294
152.5291748	-21.42930031
152.5813141	-21.43224525
150.3162079	-21.73898125
150.3443604	-21.73621368
142.2346954	-10.55305958
150.4298554	-21.7577095
151.1672363	-21.32230186
152.0492249	-21.12125206
151.0965118	-21.35380936
152.3223724	-21.11697006
152.3890991	-21.12158012
152.4723663	-21.12492561
152.4850769	-21.13196373
152.1824951	-21.13493919
152.1429749	-21.15692139
151.43367	-21.07152939
152.5197449	-21.46067429
152.5101166	-21.47377586
149.4793396	-21.53699303
143.4876709	-10.55386734
152.5645905	-21.48348045
152.509491	-21.4948616
150.2472839	-21.61848259
150.1047974	-21.92339325
150.1193085	-21.92155647
151.277771	-21.34298134
151.3673401	-21.36973381
151.3279877	-21.39435387
151.2503357	-21.37825012
151.2745972	-21.38881302
152.4300537	-21.14411545
152.3087311	-21.15453339
152.191864	-21.1681118
152.4779511	-21.1655426
152.0955963	-21.19787979
152.3710022	-21.17719841
152.3974915	-21.17647552
149.4897156	-21.60212898
149.4720306	-21.60445595
149.4436035	-21.64638519
149.4563904	-21.67543983
149.4717102	-21.71211052
149.4685211	-21.73969078
149.4636841	-21.82425308
149.4840851	-21.83606529
150.0971527	-21.93717957
150.1318817	-21.95026779
150.1461487	-21.98266792
151.4190369	-21.40195084
151.4158783	-21.43140984
152.4981232	-21.2042942
151.4798584	-21.36478806
151.4208984	-21.38519478
152.4927368	-21.21545792
151.4691467	-21.47309494
152.2998962	-21.18229485
152.4485016	-21.18300247
152.3360596	-21.19016266
152.3155975	-21.19956398
152.2426148	-21.21254539
152.0115814	-21.2201004
149.7207642	-21.51057243
150.5915527	-21.01289177
149.772171	-21.60095787
150.2683106	-21.48330307
152.3966675	-21.21899033
152.3125305	-21.27980042
150.692337	-21.05476952
152.4723358	-21.2400341
151.2865448	-21.48459435
151.1982269	-21.48633385
151.3552094	-21.16419983
151.5539551	-21.00358772
151.5632935	-21.04230118
151.5725403	-21.05036545
152.5121002	-21.23604202
149.8127136	-21.57463837
149.8669586	-21.60451508
150.8651123	-21.03121948
150.9248657	-21.02652931
150.7779846	-21.05713272
150.8303223	-21.07218361
150.7786102	-21.08885765
150.9017029	-21.11616707
150.6603546	-21.16360283
151.6099701	-21.06549835
151.5993195	-21.09938431
151.5965729	-21.04000854
150.8556213	-21.13931656
151.6415863	-21.07686806
151.6636353	-21.06974411
151.371933	-21.15917587
152.2692413	-21.26412392
152.3307037	-21.28257179
152.2311554	-21.30331612
152.2205658	-21.30057907
149.8269806	-21.60354614
149.7831421	-21.60557938
149.8175201	-21.62057495
151.3635101	-21.16161156
150.830658	-21.1288929
150.9950104	-21.1121769
150.789566	-21.13311958
150.7631226	-21.13590622
151.6878967	-21.08218956
151.3601074	-21.17233086
151.7160797	-21.09569168
151.7348785	-21.10695457
151.7534485	-21.1144619
152.2312012	-21.2974205
152.0518799	-21.29553986
152.0644684	-21.3126049
151.3710175	-21.17122078
152.4368744	-21.30537796
152.481781	-21.317873
149.6382446	-21.67481613
151.4294739	-21.16376495
152.1629944	-21.33177567
149.8102722	-21.6282959
150.8449554	-21.15646553
150.9338837	-21.16447449
151.7707214	-21.12043381
151.580658	-21.12338448
151.5565491	-21.15089035
151.690506	-21.15966606
151.7120667	-21.14785957
152.2222443	-21.34185219
151.7565918	-21.14909172
151.7765808	-21.15070915
152.3236542	-21.34230995
149.5912628	-21.74284935
152.4017487	-21.32835197
152.3992615	-21.32525635
152.3658447	-21.32950974
152.2495575	-21.34968948
149.6694183	-21.71940422
150.8732758	-21.18617821
150.9421997	-21.19237518
150.8224335	-21.2010231
151.9839935	-21.21507835
150.7927551	-21.21425056
150.7689209	-21.22619438
151.7991638	-21.16200638
149.7881928	-21.8157444
151.5535278	-21.18189812
151.8226929	-21.18107986
151.5420837	-21.20458984
151.5744171	-21.20841599
151.5287781	-21.21752548
151.8231506	-21.19952965
152.2898712	-21.35781097
152.3473663	-21.35081482
152.4249115	-21.35569382
152.4806519	-21.35416222
152.1422577	-21.36036682
149.7027588	-21.79821014
149.8237763	-21.83037949
149.7921448	-21.83708763
150.8828583	-21.22441864
150.8965912	-21.24571228
150.9124603	-21.25756645
150.9305725	-21.27771568
150.9364014	-21.30824661
150.7849884	-21.33171272
151.5423126	-21.23272514
151.9822388	-21.22678185
151.6902924	-21.23905563
151.6682587	-21.24411583
152.4323425	-21.42036247
151.5554199	-21.25293922
152.0170898	-21.37743568
152.2112122	-21.39242363
152.2499237	-21.39717484
149.6211243	-21.85416031
150.9747925	-21.38442421
151.3252564	-21.0243988
151.414978	-21.01283455
151.4451752	-21.01016045
151.5545044	-21.04234505
151.1628876	-21.01262283
151.8458252	-21.24135208
151.553894	-21.2991333
151.6795502	-21.29241371
151.6376953	-21.32159424
151.9037781	-23.18563843
152.3625794	-21.41420746
152.4444428	-21.41273308
152.4906158	-21.41230583
149.660614	-21.95002556
149.5784607	-21.95653534
149.5990906	-21.95742226
152.399292	-21.42409325
149.6485901	-21.93179321
149.5993958	-21.95823097
151.1032105	-21.02966309
151.151535	-21.03481483
151.2801514	-21.04209328
151.4086151	-21.03702354
151.4808807	-21.03940582
151.4209747	-21.04194641
151.379364	-21.04962921
151.0711212	-21.07071495
151.5999908	-21.33385468
151.7031403	-21.33298302
151.6232605	-21.33740425
151.7241974	-21.34738159
151.8265381	-21.34622002
151.8578949	-21.37122536
152.3342285	-21.43022156
149.5740509	-21.98191833
152.1276703	-21.43675041
152.4039002	-21.45225143
152.4563446	-21.44384193
149.6638794	-21.9777813
152.4395905	-21.4658432
149.6795044	-21.95907402
149.8933716	-21.97016716
151.5283661	-21.01545143
150.912323	-21.67321968
150.9376068	-21.64868546
150.9454346	-21.66374779
151.3690796	-21.07945442
151.6734467	-21.37717247
151.7110596	-21.37382126
151.6951904	-21.3809948
151.9017639	-21.3990097
151.7929993	-21.41065025
151.6475067	-21.41942215
152.3843689	-21.47239113
152.1325073	-21.49270248
152.5622559	-21.06020164
152.206955	-21.49954224
152.5767517	-21.02282333
152.6242371	-21.03944397
149.8480225	-21.98963737
149.87854	-21.98041344
149.8117981	-21.98962402
151.2378998	-21.09609222
151.4695892	-21.10521126
151.2264404	-21.12143517
151.2114563	-21.1216011
151.1381378	-21.12225151
151.0734558	-21.12340164
151.1778412	-21.13773155
151.3529511	-21.13946915
151.3039246	-21.15625381
152.5496216	-21.05856705
152.534256	-21.07284927
151.4299011	-21.17124176
151.5862122	-21.44426346
151.6748657	-21.45179367
151.4348145	-21.16818047
151.9140778	-21.44425201
151.85289	-21.46036911
152.46875	-21.00935173
142.3287811	-10.55666637
152.5445099	-21.10451126
152.5148926	-21.1144886
152.6294708	-21.11810875
152.7756195	-21.10882568
150.1514893	-21.52507019
151.0368042	-21.17749405
151.0127716	-21.21458054
152.4894257	-21.00729179
152.2004089	-21.01859093
152.2345276	-21.02047348
152.0759583	-21.03339767
152.0953217	-21.04187202
152.2024689	-21.05153275
152.1894379	-21.06671333
152.231369	-21.06274033
152.6570587	-21.1017971
152.500351	-21.13907242
152.5279236	-21.13741684
152.5445099	-21.13903236
152.5119934	-21.17564964
152.585022	-21.17240524
152.6057434	-21.16286278
150.2200165	-21.65265083
150.3404846	-21.65066719
151.2981567	-21.24813652
150.3301086	-21.66446686
151.2127228	-21.19371223
151.2748261	-21.20157433
151.1947632	-21.21636391
151.4172363	-21.21245384
151.3989105	-21.24043465
151.1819916	-21.25587273
152.464447	-21.06417274
152.2013855	-21.07513428
152.2376862	-21.08632278
152.2811737	-21.08605957
152.5010681	-21.08626938
152.4882965	-21.10110664
152.1433868	-21.0894146
152.5426941	-21.22770309
142.3765869	-10.55236149
152.5951233	-21.18595886
152.547348	-21.1842041
152.5225525	-21.20072746
152.5464172	-21.20467186
152.5615692	-21.22248077
143.7010651	-10.54388714
143.7391663	-10.54464149
142.238266	-10.54471874
142.348053	-10.54893208
142.198349	-10.55118656
142.2255554	-10.54458332
142.1761017	-10.54168606
143.5165558	-10.54308128
143.9120789	-10.54318714
143.9211426	-10.55549526
143.2514496	-10.56016731
142.160141	-10.56311417
143.4628906	-10.563797
143.4140167	-10.56578922
142.2090607	-10.58542156
142.2162781	-10.57439137
142.2286377	-10.57008934
143.9150848	-10.57259083
142.1759644	-10.5741806
143.9253845	-10.58829594
142.232254	-10.58983707
143.4884644	-10.59537983
142.200943	-10.59562492
142.129364	-10.72517967
142.6195221	-10.5962286
142.2344818	-10.59611511
143.9089966	-10.59624958
142.1441956	-10.61122322
143.2971954	-10.61133671
143.089798	-10.59838772
143.932312	-10.59911919
142.0973663	-10.60252666
142.1210175	-10.60309219
142.5192413	-10.61234856
142.2942047	-10.60338593
143.6825256	-10.60664749
142.6127319	-10.60973167
143.9011688	-10.62301826
142.9126434	-10.59951687
142.6458283	-10.6229496
143.4382935	-10.62349892
143.4717102	-10.62406254
142.6533966	-10.6502285
142.6446381	-10.63807487
143.9102325	-10.61163521
142.6264343	-10.61249447
143.9238281	-10.61352062
143.9446411	-10.61746407
143.7629242	-10.62014294
143.9128113	-10.62116051
142.8497772	-10.65218353
142.754303	-10.65924644
142.6699524	-10.66781425
142.68396	-10.66777039
143.3747559	-10.62315369
142.1079865	-10.35225391
143.2228394	-10.63656139
143.9412231	-10.63706112
143.9282684	-10.63938808
143.5645752	-10.6210928
143.9502716	-10.6531477
142.2814026	-10.69026089
142.3816681	-10.70295334
142.3519592	-10.70862865
143.0377502	-10.64728355
143.6513062	-10.6337719
143.9480133	-10.67279911
143.888382	-10.67155743
142.4386597	-10.7097168
142.3695984	-10.71320534
142.3907623	-10.74054527
142.4148254	-10.71356201
142.2949066	-10.72233105
142.0543366	-10.35640526
143.9400024	-10.35257435
142.9018555	-10.35701942
142.2049713	-10.35999966
143.9332733	-10.36300755
142.3627625	-10.3681736
142.4133148	-10.72872162
142.4202728	-10.73625088
142.2568665	-10.73745918
142.4089508	-10.74411583
142.2510681	-10.74208069
142.2239075	-10.74445343
142.3951874	-10.76003361
142.1200714	-10.37453079
143.5839844	-10.37177181
143.9322052	-10.37400913
143.5580597	-10.37684345
143.5410156	-10.3779726
143.9268951	-10.38629723
143.3199616	-10.38750362
144.4248352	-10.39163113
142.3721771	-10.75922489
142.3744659	-10.7644434
142.2134094	-10.76595116
142.3864899	-10.76795387
142.3977051	-10.77231026
142.2162476	-10.79534626
142.3178558	-10.83879471
142.3583832	-10.84248734
143.9396668	-10.39590645
142.1056976	-10.40164375
142.0880737	-10.40196323
143.6802673	-10.40426159
142.1210632	-10.40513325
143.4900818	-10.40641785
143.5504456	-10.40884876
143.2475739	-10.4130106
142.1941681	-10.42151928
143.4752655	-10.45075321
143.9330139	-10.42653561
143.7418823	-10.42785358
143.9097748	-10.43519688
143.5912018	-10.43987274
142.0252686	-10.84988022
142.0306702	-10.88249016
142.340332	-10.88692379
142.0237579	-10.94591045
142.0410461	-10.95924282
142.008194	-10.97213459
142.0392609	-10.49806881
143.9584198	-10.68156528
143.912735	-10.44013119
143.3813171	-10.44153595
143.9202271	-10.44725609
143.4364014	-10.45151424
142.2048187	-10.45186138
143.6482697	-10.45269299
143.9217224	-10.45942211
142.4435272	-10.46149445
142.0418549	-10.46810913
143.555603	-10.47472191
145.648056	-16.3170414
148.4423676	-20.06514931
148.5079956	-20.08583832
143.9091339	-10.46963501
142.1680298	-10.47296429
143.138504	-10.4736433
143.291275	-10.47605515
143.9073639	-10.47798824
142.259613	-10.47799015
143.6717529	-10.4850235
142.2056732	-10.48509693
143.9170837	-10.49137115
142.2497101	-10.49406433
143.4792938	-10.4951334
142.4463806	-10.49740696
143.7259674	-10.49639702
143.4165497	-10.50092697
143.8903351	-10.50344563
142.1764374	-10.51048851
142.2952423	-10.51238918
142.1747894	-10.51396465
142.2186432	-10.51411247
143.9165039	-10.51833916
143.1052704	-10.52569485
142.3052216	-10.53689861
142.2964935	-10.52021313
142.2723236	-10.52807617
143.8924866	-10.53761864
143.3545532	-10.53966808
151.9653931	-23.33036804
151.8903046	-23.29052353
151.7355194	-24.00552177
151.9507752	-24.26165771
150.763443	-22.44829369
150.773819	-22.47928238
152.4649658	-21.99973488
152.3461609	-22.01666451
152.4483795	-22.01743889
152.0792542	-23.47324371
152.7154236	-24.11328316
151.9711304	-23.44615173
151.9936371	-23.47618866
151.876709	-23.46987534
153.1036835	-24.38815498
152.278244	-22.02036667
152.1577454	-22.02577591
152.1397553	-22.01519012
152.0734406	-22.03321266
152.4739685	-22.17310524
152.4972839	-22.23873711
152.0337524	-23.43322182
151.2756653	-23.53397751
152.061142	-23.4956665
152.0471497	-23.47586441
152.4287415	-22.04010582
152.3309326	-22.05775452
152.4029999	-22.05840492
152.4773712	-22.07732201
152.4874878	-22.10082817
152.7080689	-22.25904655
152.5359039	-22.19950676
152.5414124	-22.21436882
152.553421	-22.2181778
152.5831146	-22.23521042
152.570282	-22.2753582
152.6233215	-22.27673149
152.6499481	-22.2139225
152.6644898	-22.22339821
152.6761169	-22.21496773
151.0497742	-23.43000603
151.0203095	-23.45039749
151.0623932	-23.44907761
151.2810516	-23.67568588
152.3601379	-22.10380173
152.2866211	-22.10918236
152.4098053	-22.05709076
152.4494782	-22.16904068
152.4951172	-22.20027733
152.2870178	-22.00428391
152.2992554	-22.07191658
152.4006805	-22.13669395
152.3139343	-22.12415504
152.3475189	-22.13559914
152.332489	-22.08049202
152.3692474	-22.12428284
152.3747711	-22.06201363
152.3763123	-22.09375
152.4143372	-22.26186752
151.3078156	-23.748106
151.3178711	-23.76475906
151.3342896	-23.75416183
151.3267212	-23.76521111
151.363739	-23.8014431
151.3816986	-23.83031845
150.3852234	-22.01322174
150.3672333	-22.01821327
150.1618042	-22.00987434
152.5031281	-22.299366
152.627121	-22.0028801
152.5406799	-22.0200386
152.5439301	-22.00943756
152.4784851	-22.05398941
152.4997711	-22.07751846
152.5183411	-22.02001953
152.5521545	-22.01573753
152.5641022	-22.08251953
152.5716095	-22.11337662
152.654892	-22.04643059
152.7033691	-22.11214066
151.3932648	-23.85713768
151.378479	-23.87968254
151.3561096	-23.85565186
151.3882294	-23.81376076
151.4941864	-23.95011902
151.4850617	-23.96214294
151.4821777	-23.97415543
150.2877197	-22.02418709
150.0978851	-22.03081703
152.5645447	-22.0443325
150.4506073	-22.03599739
150.0982819	-22.04639244
150.2290344	-22.30719376
152.5724335	-22.05807686
152.7097931	-22.00790977
152.6582642	-22.0051918
152.72612	-22.01127243
152.7404175	-22.03745079
150.8769989	-23.03621864
152.5803986	-22.04248619
150.8796234	-23.04696274
150.3609009	-22.19195747
151.7736359	-23.50185394
151.7267151	-23.52691841
150.2512054	-22.20283699
150.3744202	-22.20710564
151.6273193	-23.53884888
150.3559723	-22.17988205
150.3521423	-22.20464134
152.5045471	-22.05869484
152.7378388	-22.05660439
152.7759705	-22.05346489
152.6309662	-22.06573105
152.595871	-22.08454323
150.4228058	-22.21774101
152.6756744	-22.06676674
152.5964661	-22.06586647
152.5220642	-22.07334137
150.8971863	-23.09815407
150.9004669	-23.06347847
150.8928986	-23.08244133
150.8986664	-23.09467316
150.8847046	-23.09677124
151.6779175	-23.55586243
151.6248932	-23.97248268
151.644104	-23.97548866
151.6574554	-23.98127174
151.6749268	-23.9881897
150.3709564	-22.21692276
150.4389801	-22.20445824
150.4380951	-22.2144146
150.4118195	-22.21735001
152.6471252	-22.09456444
152.624527	-22.10386276
150.9157562	-23.16776657
152.5335846	-22.10583496
152.7417145	-22.09586525
152.609314	-22.12369537
152.6288757	-22.12538719
152.6763458	-22.12095451
152.8011627	-22.11499977
150.9916687	-23.11747551
150.905426	-23.14964104
150.8041992	-23.17276382
150.9576569	-23.15748978
152.0274353	-23.59870148
150.3075562	-22.23665047
152.1474304	-23.63306427
150.2700195	-22.22875595
152.7461548	-22.11695099
152.5317993	-22.1481514
150.9861298	-23.17248726
150.2288208	-22.28556442
152.5975952	-22.14977264
152.7605591	-22.15019226
152.553009	-22.15541458
150.2921448	-22.28166962
152.6524963	-22.16170502
150.9660339	-23.18922997
150.9346619	-23.18856049
150.4740906	-22.20664406
150.9755707	-23.1511116
152.1809387	-23.69460678
152.2719421	-23.75748634
150.2839356	-22.33703995
152.287262	-23.8077755
150.434494	-22.24900055
150.4191589	-22.29171562
152.5234528	-22.1792717
152.6044617	-22.18705177
152.6269074	-22.18472099
150.9699097	-23.20013618
152.6981812	-22.17048645
152.761322	-22.18341255
150.9676819	-23.21115875
150.8733521	-23.24311829
150.7982636	-23.17797852
152.3609619	-23.86657143
150.3017883	-22.30827332
150.2399597	-22.30942726
152.5549011	-22.20296288
152.7570496	-22.20902634
152.6186676	-22.22284508
152.5274353	-22.24028587
152.6536865	-22.24532127
150.8863983	-23.27748299
150.8263092	-23.2846508
150.8304596	-23.30085564
150.922226	-23.30302429
150.8486328	-23.3140049
150.9299011	-23.33209991
152.387207	-23.90178299
152.3967896	-23.92109871
150.8158569	-23.22341156
150.8250732	-23.23466301
151.3181305	-23.77182007
151.2648926	-23.79853249
150.2046204	-22.32010651
150.4522858	-22.30839729
150.3137054	-22.32761955
152.6821899	-22.24365234
152.5608368	-22.25679016
152.6046906	-22.26438522
150.9376679	-23.3489666
150.943161	-23.3606739
152.73732	-22.27070427
152.662796	-22.30785561
150.813858	-23.35746956
150.8580322	-23.42201424
151.0850525	-23.15463829
151.3381043	-23.83421516
152.0871735	-23.6794548
151.5954437	-23.42732811
151.8163147	-23.49989891
151.8165588	-23.50948524
150.3275909	-22.35583687
150.6450653	-22.00650597
152.7365112	-22.29887009
150.2679596	-22.35756111
150.3386231	-22.43372345
152.7290039	-22.32504654
152.6802521	-22.33198547
152.7306213	-22.34350204
152.5445404	-22.3670311
152.5605164	-22.37986755
151.070694	-23.16266632
151.0789795	-23.16329956
151.1004028	-23.19775391
151.1541443	-23.4000721
150.540802	-22.2659111
150.2589111	-22.34176254
150.6495667	-22.02905846
152.7062836	-22.36080551
152.7198944	-22.35609627
150.6724243	-22.08842659
151.1835938	-23.40786171
151.168869	-23.41720963
150.7158051	-22.33778381
150.6820374	-22.35803413
150.5075836	-22.38270569
150.7979431	-22.56382942
150.9596252	-22.65620041
151.9040222	-23.18507195
150.9943085	-22.73053741
150.8116303	-22.79780006
150.7921295	-22.93373299
150.6598816	-22.33389854
150.7417603	-22.40484238
150.7464752	-22.41151047
150.7305298	-22.4309597
150.7706299	-22.51808167
151.8877411	-23.20534706
151.7827454	-23.24594116
151.9402924	-23.26951599
151.770752	-23.29514885
143.9767914	-11.73175335
151.0745763	-23.15541323
